"ID","Species_common","a.C17.0","a.C18.0","a.C19.0","ai.C17.0","ai.C18.0","ai.C19.0","C14.0","C15.0","C16.0","C16.1","C16.1w","C16.1w5","C16.1w7","C16.1w7c","C16.1w9","C16.2w","C16.2w3","C16.2w6","C16.3w3","C16.4w","C16.4w3","C16.4w3.1","C17.0","C17.1w","C17.1w.1","C17.1w9","C18.0","C18.1w","C18.1w7","C18.1w7c","C18.1w9","C18.1w9c","C18.2w","C18.2w3","C18.2w6","C18.3w","C18.3w3","C18.3w6","C18.4w","C18.4w2","C18.4w3","C19.1w","C20.0","C20.1w","C20.1w.1","C20.1w7","C20.1w9","C20.2w","C20.2w3","C20.2w6","C20.3w3","C20.3w6","C20.4w","C20.4w3","C20.4w6","C20.5w3","C21.0","C22.0","C22.1w","C22.1w9","C22.1w9.1","C22.2w","C22.2w2","C22.2w3","C22.2w6","C22.3w","C22.4w3","C22.4w6","C22.5w3","C22.6w3","C23.0","C24.0","i.17.0","i.C15.0","i.C16.0","i.C17.0","i.C18.0"
"B_001","Butter clam",0.0185628995387355,0,0,0,0,0,0.026298417535079,0.0109618339561175,0.339383379463982,0,0,0,0.0221734426762449,0,0,0,0,0,0,0,0,0,0.0184742069398568,0,0,0,0.119576841238944,0,0.0111149037593021,0,0,0,0,0,0,0,0,0,0,0,0.0207868939202974,0,0,0,0,0.0165756433542138,0.0114742882206546,0,0,0,0,0,0,0,0.0220453034764115,0.125281760127549,0,0,0,0.0348155289886596,0,0,0,0,0,0,0,0,0.0290592694627193,0.129565370964229,0,0,0,0,0,0.0438500163770042,0
"B_002","Butter clam",0.0197480421944499,0,0,0,0,0,0.0164169920781482,0.0109270348001474,0.32813351564116,0,0,0,0.0134212964852814,0,0,0,0,0,0,0,0,0,0.0221147483211988,0,0,0,0.148457867280551,0,0,0,0,0,0,0,0,0,0,0,0,0,0,0,0,0,0,0.0138105793716272,0.0176585927668334,0,0,0,0,0,0,0,0.0265725766534879,0.0782623882000747,0,0,0,0.0430668410849737,0,0,0,0,0,0,0,0.0234964628861137,0.0402461130695512,0.150996719732425,0,0,0,0,0,0.0466702294339756,0
"B_005","Fucus",0,0,0,0,0,0,0.195476872444467,0,0.320217161039212,0,0,0,0.0110256077059147,0,0,0,0,0,0,0,0,0,0,0,0,0,0.0273944718439783,0.0274828178200103,0,0,0.112636687633162,0,0,0,0.107914288768816,0,0.0510524901368977,0,0,0,0.0207204860117289,0,0.0121034163029287,0,0,0,0,0,0,0,0,0.0113913989129374,0,0,0.0652293241530196,0.0373549772269275,0,0,0,0,0,0,0,0,0,0,0,0,0,0,0,0,0,0,0,0,0
"B_006","Fucus",0,0,0,0,0,0,0.185355490571958,0,0.323692092489168,0,0,0,0,0,0,0,0,0,0,0,0,0,0,0,0,0,0.033309647988731,0.0334509688438117,0,0,0.126553157654706,0,0,0,0.103731675334824,0,0.0466958869764818,0,0,0,0.0167335896085181,0,0.0149197890681578,0,0,0,0,0,0,0,0,0.0115450982608742,0,0,0.0733244496242973,0.0306881535784714,0,0,0,0,0,0,0,0,0,0,0,0,0,0,0,0,0,0,0,0,0
"B_008","Ulva",0,0,0,0,0,0,0.0208096173260588,0,0.440177230812283,0,0,0,0,0,0,0,0,0.011262346806243,0,0,0.0610482884994223,0,0,0,0,0,0.0141700206052033,0,0.0588512985612977,0,0.0136317427837167,0,0,0,0.116465215715157,0,0.152266079600248,0.013305343000483,0,0,0.0715032783536156,0,0,0,0,0,0,0,0,0,0,0,0,0,0,0.0123485697583376,0,0,0,0,0,0,0,0,0,0,0,0,0.0141609681779341,0,0,0,0,0,0,0,0
"B_009","Ulva",0,0,0,0,0,0,0.0259005113955171,0,0.443431150340567,0,0,0,0.0168980815049078,0,0,0,0,0.0171892754371583,0,0,0.0603851408329449,0,0,0,0,0,0.0115586185003675,0,0.0521119720572635,0,0.0130090498612563,0,0,0,0.124379984953768,0,0.129557738869757,0.0153427627795894,0,0,0.0594743998253734,0,0,0,0,0,0,0,0,0,0,0,0,0,0,0.0168430543138641,0,0,0,0,0,0,0,0,0,0,0,0,0.0139182593276658,0,0,0,0,0,0,0,0
"B_015","Dungeness crab",0.0128665001473557,0,0,0,0,0,0,0.0155209480859675,0.307132561841042,0,0,0,0.0246035318247138,0,0,0,0,0,0,0,0,0,0.0206487017777301,0,0,0,0.0970558839146471,0,0.0231546527464252,0,0.0363561754949938,0,0,0,0.0116064508151807,0,0,0,0,0,0,0,0,0,0,0,0,0,0,0,0,0,0,0,0.0344469041288833,0.253197734525403,0,0,0,0,0,0,0,0,0,0,0,0,0.0222451518732518,0.120531282363931,0,0,0,0,0,0.020633520460475,0
"B_018","Idotea",0,0,0,0,0,0,0.0234058158920099,0,0.336420521085198,0,0,0,0.0242857867262735,0,0,0,0,0,0,0,0,0,0,0,0,0,0.172525544652584,0,0.0460679006990308,0,0.0304703840163305,0,0,0,0.0157137133995362,0,0,0,0,0,0,0,0,0,0,0,0.0134496678360038,0,0,0.0146638574378035,0.016702382837781,0,0,0,0.041076344487337,0.205233274221608,0,0.0128962494295306,0,0,0,0,0,0,0,0,0,0,0,0.0470885572789733,0,0,0,0,0,0,0
"B_019","Idotea",0,0,0,0,0,0,0.0387689908832501,0,0.321083044862749,0,0,0,0.0420696098218905,0,0,0,0,0,0,0,0,0,0,0,0,0,0.132088864467848,0,0.0292729247989539,0,0.042550107433616,0,0,0,0.0189488447808356,0,0.0179348751267906,0,0,0,0.0158855583917064,0,0,0,0,0,0,0,0,0,0,0,0,0,0.0436244562735128,0.232195500551185,0,0.0133741798567885,0,0,0,0,0,0,0,0,0,0,0,0.0522030427508727,0,0,0,0,0,0,0
"B_020","Idotea",0,0,0,0,0,0,0.0328760318465051,0,0.323547377025055,0,0,0,0.0469725902797355,0,0,0,0,0,0,0,0,0,0,0,0,0,0.121677449820951,0,0.0270872894713979,0,0.0409831671681469,0,0,0,0.0190987422509931,0,0.0111825358409117,0,0,0,0.0167142437518876,0,0,0,0,0,0,0,0,0,0,0,0,0,0.0505963093184302,0.246980628147549,0,0.0155527718528054,0,0,0,0,0,0,0,0,0,0,0,0.0467308632256318,0,0,0,0,0,0,0
"B_023","Limpet",0,0,0,0,0,0,0.0287882836717181,0,0.106747113872328,0,0,0,0,0.0265867862267538,0,0,0,0.0112401156321473,0,0,0,0,0,0,0,0,0.0421661549765219,0,0,0.0410140873462922,0,0.0116647559569912,0,0,0.0269172437237729,0,0,0,0,0,0.0387854114945821,0.017384117254513,0,0.155764730521118,0,0,0.249349172286737,0,0,0.0395992214948044,0,0,0,0.0289226063791379,0.0177181047670077,0.068691853723614,0,0,0,0,0,0.0886602406719603,0,0,0,0,0,0,0,0,0,0,0,0,0,0,0
"B_024","Eelgrass",0,0,0,0,0,0,0,0,0.354337186537628,0,0,0,0,0,0,0,0,0.031111934094426,0,0,0,0,0,0,0,0,0.0488725187192678,0,0.0103179292244967,0,0.012405852925504,0,0,0,0.0812154010102382,0,0.374391064916484,0,0,0,0,0,0.0317136785887618,0,0,0,0,0,0,0,0,0,0,0,0,0,0,0.055634433983193,0,0,0,0,0,0,0,0,0,0,0,0,0,0,0,0,0,0,0
"B_025","Eelgrass",0,0,0,0,0,0,0,0,0.195970887821424,0,0,0,0,0.187636061014481,0,0,0,0.0122010336567222,0.27390250305703,0,0,0,0,0,0,0,0.0277240478776952,0,0,0,0,0,0,0,0.0339175676500891,0,0.209403193016956,0,0,0,0,0,0.0181939030874134,0,0,0,0.0108115344835296,0,0,0,0,0,0,0,0,0,0,0.0302392683346605,0,0,0,0,0,0,0,0,0,0,0,0,0,0,0,0,0,0,0
"B_030","Fucus",0,0,0,0,0,0,0.21042071798017,0,0.305728505990649,0,0,0,0.0123738445919565,0,0,0,0,0,0,0,0,0,0,0,0,0,0.023616829200182,0.0238163350755864,0,0,0.124932466841146,0,0,0,0.120800511065794,0,0.0460840782690605,0,0,0,0.0141224776814538,0,0,0,0,0,0,0,0,0,0,0.0147127100157805,0,0,0.0695983543334873,0.0337931689547346,0,0,0,0,0,0,0,0,0,0,0,0,0,0,0,0,0,0,0,0,0
"B_031","Fucus",0,0,0,0,0,0,0.207566266222103,0,0.297255688346126,0,0,0,0.01317678581392,0,0,0,0,0,0,0,0,0,0,0,0,0,0.0246548499748078,0.0248706715206229,0,0,0.121220976529294,0,0,0,0.118685413199357,0,0.044208816384363,0,0,0,0.0141176868186409,0,0.0110817168682873,0,0,0,0,0,0,0,0,0.0159059291801901,0,0,0.0739758386427939,0.0332793604994948,0,0,0,0,0,0,0,0,0,0,0,0,0,0,0,0,0,0,0,0,0
"B_033","Sugar kelp",0,0,0,0,0,0,0.179412294113549,0,0.272286174791734,0,0,0,0,0,0,0,0,0,0,0,0,0,0,0,0,0,0.0352817147158253,0,0,0,0.0359285567540775,0,0,0,0.08419776893831,0,0.0416461381121721,0.0251301975011767,0,0,0.0974800294478118,0,0,0,0,0,0,0,0,0,0,0,0,0,0.102200545084681,0.126436580540663,0,0,0,0,0,0,0,0,0,0,0,0,0,0,0,0,0,0,0,0,0
"B_034","Sugar kelp",0,0,0,0,0,0,0.201409281322817,0,0.301139345670947,0,0,0,0.0154458027688272,0,0,0,0,0,0,0,0,0,0,0,0,0,0.0219627355024654,0,0,0,0.0427581450069686,0,0,0,0.0813320556202543,0,0.0264939259511407,0.0275416484684165,0,0,0.0612893665816882,0,0,0,0,0,0,0,0,0,0,0,0,0,0.117007105016293,0.103620588090182,0,0,0,0,0,0,0,0,0,0,0,0,0,0,0,0,0,0,0,0,0
"B_035","Ulva",0,0,0,0,0,0,0.0181202077657162,0,0.449316319504468,0,0,0,0,0,0,0,0,0.0186796172065019,0,0,0.05832045722707,0,0,0,0,0,0.01280816776754,0,0.0609321426009694,0,0.0126892849514963,0,0,0,0.133153636737899,0,0.146345113330558,0.0124764145639565,0,0,0.0640672929005067,0,0,0,0,0,0,0,0,0,0,0,0,0,0,0,0,0,0,0,0,0,0,0,0,0,0,0,0.0130913454433186,0,0,0,0,0,0,0,0
"B_036","Ulva",0,0,0,0,0,0,0.0222013413767806,0,0.465653151505597,0,0,0,0,0,0,0,0,0,0,0,0.0592304830904756,0,0,0,0,0,0.012253780660707,0,0.042357049895494,0,0.0167393376372758,0,0,0,0.11899211132328,0,0.146969756298517,0.0110058067010765,0,0,0.071031507200335,0,0,0,0,0,0,0,0,0,0,0,0,0,0,0.0145556767458007,0,0,0,0,0,0,0,0,0,0,0,0,0.0190099975646607,0,0,0,0,0,0,0,0
"B_039","Eelgrass",0,0,0,0,0,0,0,0,0.338650194929712,0,0,0,0,0,0,0,0,0,0,0,0,0,0,0,0,0,0.0481616986963355,0,0,0,0,0,0,0,0.0716618663631918,0,0.435448567645155,0,0,0,0,0,0.0333851956016793,0,0,0,0,0,0,0,0,0,0,0,0,0,0,0.0512766971201371,0,0,0,0,0,0,0,0,0,0,0,0,0,0.0214157796437898,0,0,0,0,0
"B_040","Eelgrass",0,0,0,0,0,0,0,0,0.286703410015269,0,0,0,0,0,0,0,0,0,0,0,0,0,0,0,0,0,0.0311876103678107,0,0,0,0,0,0,0,0.0593747129898335,0,0.376936027432333,0,0,0,0,0,0.0271796161496269,0,0,0,0,0,0,0,0,0,0,0,0,0,0,0.0449074957020759,0,0,0,0,0,0,0,0,0,0,0,0,0.0338400208450169,0.139871106498035,0,0,0,0,0
"B_042","Idotea",0,0,0,0,0,0,0,0,0.286790447265129,0,0,0,0.0160555968613752,0,0,0,0,0,0,0,0,0,0,0,0,0,0.161488036651505,0,0.0283231315274182,0,0.048714577984414,0,0,0,0.0207869247675005,0,0.0241675506434636,0,0,0,0,0,0,0,0,0,0,0,0,0,0,0,0,0,0.0637243674809483,0.264970122431002,0,0.0263642299596991,0,0,0,0,0,0,0,0,0,0,0,0.0586150144275451,0,0,0,0,0,0,0
"B_044","Idotea",0,0,0,0,0,0,0,0,0.267985119968192,0,0,0,0.0179921734407958,0,0,0,0,0,0,0,0,0,0,0,0,0,0.141684989443194,0,0.0456598585378938,0,0.0806953995886493,0,0,0,0.0279856439404429,0,0.0153488764565746,0,0,0,0.0368075878982953,0,0,0,0,0,0,0,0,0,0,0,0.0221914599804167,0,0.0517519135713624,0.228419819308884,0,0.0187678929047526,0,0,0,0,0,0,0,0,0,0,0,0.0329793725256776,0,0,0,0,0,0.0117298924348678,0
"B_048","Butter clam",0.0166133518554994,0,0,0,0,0,0.0113822547121963,0,0.317545543811175,0,0,0,0.0108271121695527,0,0,0,0,0,0,0,0,0,0.0195617125832559,0,0,0,0.146172079041525,0,0,0,0,0,0,0,0,0,0,0,0,0,0,0,0,0,0,0.0144996185280762,0.0213361235110045,0,0,0,0,0,0,0,0.0296193402873534,0.0805563769577229,0,0,0,0.0546737949817585,0,0,0,0,0,0,0,0.0215020891604485,0.0426647546732665,0.170283267278829,0,0,0,0,0,0.0427625804483353,0
"B_049","Butter clam",0,0,0,0.0427761200005237,0,0,0,0,0.111079591723881,0,0,0,0,0.0533822023594312,0,0,0,0,0,0,0,0,0,0,0,0,0.0480909784561905,0,0,0,0,0,0,0,0.0120141168052929,0,0,0,0,0,0.0120778120950985,0,0,0.132496104681161,0,0,0.068602101646994,0,0,0,0,0,0,0,0,0.0249509816047849,0,0,0,0,0,0.318238094053599,0,0,0,0,0.029225928304551,0,0.0122631004874729,0.0516696550038559,0,0,0.0668816019999004,0,0.0162516107772636,0,0
"B_050","Macoma sp.",0.0135878574095599,0,0,0,0,0,0.0215020188203751,0.0300249223078169,0.274316036284428,0,0,0,0.0197504368666591,0,0,0,0,0,0,0,0,0,0.0308405944543445,0,0,0,0.189929991682998,0,0,0,0.0278197349123734,0,0,0,0,0,0,0,0,0,0,0,0,0,0,0.0119571629034571,0.0715804765337158,0,0,0,0,0,0,0,0.051072442229405,0.103170329493156,0,0,0,0,0,0,0,0,0,0,0,0,0.0331114103319862,0.0828686296207061,0,0,0,0,0,0.0384679561490192,0
"B_051","Macoma sp.",0,0,0,0.032157892277433,0,0,0,0,0.0891071048795234,0,0,0,0,0.0452095799047113,0,0,0,0,0,0,0,0,0,0,0,0.0742558849557482,0.0585871035635254,0,0,0,0,0.0149330178734395,0,0,0,0,0,0,0,0,0.0145547814426573,0,0,0.123848400108931,0,0,0.357474100102794,0,0,0,0,0,0,0,0.0151535898860496,0.0299013986726317,0,0,0,0,0,0.0134313250174193,0,0,0,0,0.0253963314026306,0,0,0.023189345893883,0,0,0.0676375043870364,0,0.0151626396315857,0,0
"B_055","Dungeness crab",0,0,0,0.038882256116015,0.0141281234607088,0,0,0.0128964612800153,0.148090951407315,0.0150532907265573,0,0,0,0.0243785860756026,0.0223666956567878,0,0,0,0,0,0,0,0.0178021860979047,0,0,0.0886164190159504,0.0607617415652384,0.0314344574726704,0,0.0256729921835599,0,0.0214035291347244,0,0,0.0316303029994001,0,0,0,0,0,0,0.0181290491698288,0,0.0529483025468269,0,0,0.0288572325985046,0,0,0,0,0,0,0.0128129879595987,0.0155087260533307,0.123760159643003,0,0,0,0.0124192684266486,0,0,0,0,0,0,0.0355268175895236,0,0.0121513146221291,0.0585128108135963,0,0,0.0594711006486647,0,0.0167842367358942,0,0
"B_056","Limpet",0,0,0,0,0,0,0.0301708934321769,0,0.109075762368511,0.0118286414261342,0,0,0,0.0269088746774965,0,0,0,0.0132606613809179,0,0,0,0,0,0,0,0,0.0352999307794451,0,0,0.0420770100191079,0,0.0122267097247976,0,0,0.0322123939699731,0,0,0,0,0,0.0437840800729814,0,0,0.155935996286694,0,0,0.217012065413792,0,0,0.0454088752240018,0,0,0,0.0376850559488768,0.0147832055331426,0.0625543058177092,0,0,0,0,0,0.0757973951668476,0,0,0,0,0.0113995970402694,0,0,0,0,0,0,0.0225785457171252,0,0,0
"B_057","Limpet",0,0,0,0,0,0,0.0299648766803157,0,0.10774026201267,0.0119404157031219,0,0,0,0.0239181709207466,0,0,0,0.0115485678745459,0,0,0,0,0,0,0,0,0.0352531581343677,0,0,0.0426815451082589,0,0.0136127373241968,0,0,0.0334592213258109,0,0,0,0,0,0.0365170179852742,0,0,0.154488363722999,0,0,0.223011540040992,0,0,0.0466213930941267,0,0,0,0.0347317187238066,0.0152632636104517,0.063348894027643,0,0,0,0,0,0.0800792523888592,0,0,0,0,0.0109332447967731,0,0,0,0,0,0,0.0248863565250394,0,0,0
"B_058","Limpet",0,0,0,0,0,0,0.0331797009602476,0,0.124770418918967,0,0.0177085541576066,0,0.0276755199790124,0,0,0,0,0,0,0,0,0,0,0,0,0,0.0380169037793054,0,0.0469710365887239,0,0.0146674851040138,0,0,0,0.0265711310653842,0,0,0,0,0,0.0366917589439699,0,0,0.405012593633202,0,0,0,0,0,0.0448826316693071,0,0,0.033621611195453,0,0.0164996069279114,0.0696607262701094,0,0,0,0,0,0,0,0,0.0521302298081644,0,0,0,0,0,0,0,0,0.0119400909986218,0,0,0
"B_060","Sugar kelp",0,0,0,0,0,0,0.204063959797469,0,0.319549083441063,0,0,0,0,0,0,0,0,0,0,0,0,0,0,0,0,0,0.0232049329708801,0,0,0,0.047676739909667,0,0,0,0.0852390158969296,0,0.0298981264743835,0.0309482517767308,0,0,0.0557718414361039,0,0,0,0,0,0,0,0,0,0,0,0,0,0.100182244737374,0.103465803559399,0,0,0,0,0,0,0,0,0,0,0,0,0,0,0,0,0,0,0,0,0
"B_061","Sugar kelp",0,0,0,0,0,0,0.212539154966905,0,0.344023046826487,0,0,0,0,0,0,0,0,0,0,0,0,0,0,0,0,0,0.0220941070143501,0,0,0,0.0500541092171531,0,0,0,0.0784527001116029,0,0.0264944785078993,0.0251010908750893,0,0,0.0507518427680514,0,0,0,0,0,0,0,0,0,0,0,0,0,0.0974536328610023,0.0930358368514602,0,0,0,0,0,0,0,0,0,0,0,0,0,0,0,0,0,0,0,0,0
"B_062","Sugar kelp",0,0,0,0,0,0,0.14607449593481,0,0.249749807487425,0,0.0113746545386265,0,0.0153870930517594,0,0,0,0,0,0,0,0,0,0,0,0,0,0.0128691733966748,0,0,0,0.0776591332018354,0,0,0,0.0476811686460683,0.013164600715523,0.0120815095448199,0.0159295904806255,0,0,0.230138931079377,0,0,0,0,0,0,0,0,0,0,0,0.0107821986688495,0,0.0723610476598189,0.0563846300365732,0,0,0,0,0,0,0,0,0,0,0,0,0,0,0,0,0,0.0283619655572133,0,0,0
"B_063","Eelgrass",0,0,0,0,0,0,0,0,0.295305466035364,0,0,0,0,0,0,0,0,0,0,0,0,0,0,0,0,0,0.0522816582340793,0,0,0,0,0,0,0,0.0779796243186409,0,0.335558387733279,0,0,0,0,0,0.0237105375935491,0,0,0,0,0,0,0,0,0,0,0,0,0,0,0.0428554156125638,0,0,0,0,0,0,0,0,0,0,0,0,0.027099777256238,0.145209133216287,0,0,0,0,0
"B_064","Eelgrass",0,0,0,0,0,0,0,0,0.292671780570909,0,0,0,0,0,0,0,0,0,0,0,0,0,0,0,0,0,0.046819759894695,0,0,0,0,0,0,0,0.0630013141215691,0,0.349709917375629,0,0,0,0,0,0.0257934762885154,0,0,0,0,0,0,0,0,0,0,0,0,0,0,0.0465460119465851,0,0,0,0,0,0,0,0,0,0,0,0,0.0307268332585279,0.14473090654357,0,0,0,0,0
"B_066","Fucus",0,0,0,0,0,0,0.198101015652449,0,0.333241111806945,0,0,0,0,0,0,0,0,0,0,0,0,0,0,0,0,0,0.0279201892294868,0,0,0,0.119265330251947,0,0,0,0.121138320511555,0,0.0544573852746413,0,0,0,0.0250749805154244,0,0.0121800188862408,0,0,0,0,0,0,0,0,0,0,0,0.0600827121584026,0.0370333325316459,0,0,0,0,0,0,0,0,0,0,0,0,0,0,0,0.0115056031812617,0,0,0,0,0
"B_067","Fucus",0,0,0,0,0,0,0.204996251725935,0,0.338376261290465,0,0,0,0,0,0,0,0,0,0,0,0,0,0,0,0,0,0.0274241837634794,0,0,0,0.12191862828111,0,0,0,0.121354101692236,0,0.0514056933979893,0,0,0,0.0211596547255617,0,0.0116388264078308,0,0,0,0,0,0,0,0,0,0,0,0.0589949868878928,0.031955966024254,0,0,0,0,0,0,0,0,0,0,0,0,0,0,0,0.010775445803246,0,0,0,0,0
"B_069","Ulva",0,0,0,0,0,0,0.0236770996853501,0,0.377394496937289,0,0,0,0,0,0,0,0,0,0,0,0.0946529272354753,0,0,0,0,0,0.0181378786963896,0,0.0383370971268028,0,0.0107751346420787,0,0,0,0.051821316528146,0,0.187819446713341,0,0,0,0.0913393530811537,0,0,0,0,0.018345066378372,0,0,0,0,0,0,0,0,0,0.0155151980406878,0,0,0,0,0,0,0,0,0,0,0,0,0.0406568812144138,0,0,0.0315281037205003,0,0,0,0,0
"B_070","Ulva",0,0,0,0,0,0,0.0183754321330339,0,0.386909204339172,0,0,0,0,0,0,0,0,0,0,0,0.0935208522321367,0,0,0,0,0,0.0132157255721962,0,0.0433733186034937,0,0.0148050142472563,0,0,0,0.0624999839614116,0,0.177940496979542,0,0,0,0.0884816132909572,0,0,0,0,0.0219204734078066,0,0,0,0,0,0,0,0,0,0.0126588800389146,0,0,0,0,0,0,0,0,0,0,0,0,0.0393699158565754,0,0,0.0269290893375036,0,0,0,0,0
"B_078","Idotea",0,0,0,0,0,0,0.0262696010486818,0,0.192823635967176,0.0123235823728158,0,0,0,0.0274980644847404,0,0,0,0.0229212972909779,0,0,0,0,0,0,0,0,0.0863843875716697,0,0,0.0372059708936473,0,0.0406299161348333,0,0,0.035130094121041,0,0.0120120472867424,0,0,0,0.0981008612689612,0,0,0.0355548136990288,0,0,0,0,0,0,0,0,0,0.0464185481151474,0.0245059782013007,0.130178437606044,0,0,0,0.0443144895803366,0,0,0,0,0,0,0.0923058414225474,0,0,0.0234358064139371,0,0,0,0.0119866265203714,0,0,0
"B_079","Idotea",0,0,0,0,0,0,0.0360764154702121,0,0.309153651822927,0,0,0,0.0196896832905658,0,0,0,0,0,0,0,0,0,0,0,0,0,0.136143960628818,0,0.0242936532752874,0,0.0482139537554368,0,0,0,0.0243843933335351,0,0.0208329625570276,0,0,0,0.0183793111108311,0,0,0,0,0,0,0,0,0,0,0,0,0,0.0571081033015481,0.236738343734772,0,0.0192520914706554,0,0,0,0,0,0,0,0,0,0,0,0.0497334762483838,0,0,0,0,0,0,0
"B_080","Butter clam",0,0,0,0.0345153408430191,0,0,0,0,0.111731126549531,0,0,0,0,0.0464634831451511,0,0,0,0,0,0,0,0,0,0,0,0,0.0522877409904743,0,0,0,0,0,0,0,0.0138681889114409,0,0,0,0,0,0.0113949623686729,0,0,0.139293031941624,0,0,0.0718242837019932,0,0,0,0,0,0,0,0,0.0255318992587737,0,0,0,0,0,0.274425114456541,0,0,0,0.0359250272632488,0.054718680031074,0,0.0150768852203703,0.0467689558364127,0,0,0.0532096531774113,0,0.0129656263042617,0,0
"B_081","Butter clam",0,0,0,0.0316503251254613,0,0,0,0,0.115384515045596,0,0,0,0,0.0375559235320537,0,0,0,0,0,0,0,0,0,0,0,0,0.0490797836402335,0,0,0,0,0,0,0,0.0197763058717854,0,0,0,0,0,0.0133475386147507,0,0,0.156190763703111,0,0,0.0743550409091797,0,0,0,0,0,0,0.0129128585655426,0,0.031099006072914,0,0,0,0,0,0.279837261525844,0,0,0,0.0161981371189783,0.0361797192009529,0,0.0130753080392884,0.0472832633613872,0,0,0.0533455078010584,0,0.0127287418718635,0,0
"B_086","Pointed Macoma",0,0,0,0.0362313892799854,0,0.0124076492046,0,0,0.0941260531232551,0,0,0,0,0.0375687590868242,0,0,0,0,0,0,0,0,0,0,0,0.0205236315941454,0.06553556933206,0,0,0,0,0.0148982473093966,0,0,0,0,0,0,0,0,0.0199181173319338,0,0,0.15497142990558,0,0,0.338752859304953,0,0,0,0,0,0,0.0115077975293111,0.015936227872341,0.0361496042351364,0,0,0,0,0,0,0,0,0,0,0.0312749288366001,0,0,0.0232150058399278,0,0,0.0680177477188282,0,0.0189649824951218,0,0
"B_088","Limpet",0,0,0,0,0,0,0.0323835799858957,0,0.107757540407425,0.0131293979297167,0,0,0,0.0242116559452615,0,0,0,0.0140998978881018,0,0,0,0,0,0,0,0,0.0387748785702691,0,0,0.0379323892897383,0,0.0155793965818958,0,0,0.0318238243863848,0,0,0,0,0,0.0538515309259505,0,0,0.165467359742481,0,0,0.198035869885912,0,0,0.0344431398965168,0,0,0,0.0577909786274605,0.015217795205504,0.0652325408283405,0,0,0,0,0,0.067897765814365,0,0,0,0,0.0121758264982838,0,0,0,0,0,0,0.0141946315904985,0,0,0
"B_089","Limpet",0,0,0,0,0,0,0.0358874811046114,0,0.121652470978097,0,0.0183513368355935,0,0.0234250175901967,0,0,0,0,0,0,0,0,0,0,0,0,0,0.0378001481160482,0,0.0413973201185762,0,0.0185976192965314,0,0,0,0.0270882903181073,0,0,0,0,0,0.046109746116435,0,0,0.383695912175966,0,0,0,0,0,0.0332874979339307,0,0,0.0600849095509668,0,0.0162311423090595,0.0704664803292604,0,0,0,0,0,0,0,0,0.0474935327550968,0,0,0,0,0,0,0,0,0.0184310944715225,0,0,0
"B_090","Red rock crab",0,0,0,0.0363637529758525,0.0206221826289998,0,0,0,0.172510933150279,0,0,0,0,0.0381080412985934,0.0171879301684781,0,0,0,0,0,0,0,0,0,0,0.04884884862972,0.0649043048469712,0.0159528182644016,0,0.0263902243504347,0,0.0424361752755138,0,0,0.0191093625726106,0,0,0,0,0,0.0124623021552645,0.0131929614828471,0,0.060912792631221,0,0,0.0243517712382264,0,0,0,0,0,0,0,0.0271694278772323,0.155636888852199,0,0,0,0.0213102313639962,0,0,0,0,0,0,0.0298257057780252,0,0,0.0533817400418575,0,0,0.062809741707031,0,0.0144033404246653,0,0.02210852228558
"B_091","Helmet crab",0,0,0,0,0,0,0,0,0.242454895506187,0,0,0,0,0.0139130682940955,0.0124092842950379,0,0,0,0,0,0,0,0,0,0,0,0,0.019155305957163,0,0.0479600854785029,0,0.0405479073709825,0,0,0.0473603857481493,0,0,0,0,0,0.0265379439080104,0,0,0.0681764013085909,0,0,0.0228500712841985,0,0,0,0,0,0,0.0362344571485737,0.0267358284078289,0.21232201818074,0,0,0,0.0118007225176823,0,0,0,0,0,0,0.0598318943966002,0,0.0131795568364966,0.0770558787304359,0,0,0.0214742946307241,0,0,0,0
"B_092","Helmet crab",0,0,0,0.0124739276753022,0,0,0,0,0.235056995333361,0,0,0,0,0,0,0,0,0,0,0,0,0,0,0,0,0,0.0933355284839284,0.0255825413747003,0,0.0378563285451899,0,0.0497963923983027,0,0,0.0337879972276232,0,0,0,0,0,0.0189858306700772,0,0,0.0455624492840547,0,0,0,0,0,0,0,0,0,0.0235957282114706,0.0292556927454676,0.202202695832444,0,0,0,0.0316649186211799,0,0,0,0,0,0,0.0490209902028703,0,0,0.0840369819332142,0,0,0.0277850014608143,0,0,0,0
"B_093","Helmet crab",0,0,0,0.0135343454537959,0,0,0,0,0.230503911198582,0,0,0,0,0.012753572776759,0,0,0,0,0,0,0,0,0,0,0,0,0.0822495022368139,0.0229504676018808,0,0.0357375386949968,0,0.0397682890871368,0,0,0.033359726001721,0,0,0,0,0,0.0246409329389165,0,0,0.0469464709542033,0,0,0.0136747306888296,0,0,0,0,0,0,0.0294810825080748,0.0249566303030751,0.197058378957314,0,0,0,0.0137597310640144,0,0,0,0,0,0,0.0461807349735738,0,0.0142269126132956,0.0879163038063959,0,0,0.0303007381406207,0,0,0,0
"B_094","Dungeness crab",0,0,0,0.0438715678854303,0.0112648560370885,0,0,0,0.205293348829114,0,0,0,0,0.0248680037121037,0.0208745078130562,0,0,0,0,0,0,0,0,0,0,0.0409568494844633,0.0583890990877908,0.0167650212673365,0,0.0270419618330722,0,0.0457761238251337,0,0,0.0240930064431031,0,0,0,0,0,0,0,0,0.0270643297305368,0,0,0.0161530073809427,0,0,0,0,0,0,0,0.0255268289731013,0.172174371826315,0,0,0,0.0157065965408228,0,0,0,0,0,0,0.0293299559285921,0,0,0.083151046723898,0,0,0.0580431019711538,0,0.012164952321819,0,0.041491462385126
"B_095","Dungeness crab",0,0,0,0.052321590898809,0.0150812892133852,0,0,0,0.175237553813713,0,0,0,0,0.0181437595353066,0.0155525846074291,0,0,0,0,0,0,0,0,0,0,0.0439810819271523,0.0770830934730827,0.0169015617207733,0,0.0216487675518217,0,0.0427637407321012,0,0,0.0208156112478634,0,0,0,0,0,0,0,0,0.02716871400858,0,0,0.0134669161152,0,0,0,0,0,0,0,0.0294074028731679,0.159127094346353,0,0,0,0.0150637854147852,0,0,0,0,0,0,0.0204118392589206,0,0,0.0811698321683912,0,0,0.0706746198862229,0,0.0120686955264478,0,0.0719104656804941
"B_096","Helmet crab",0,0,0,0,0,0,0,0,0.233699560649886,0,0,0,0,0.0128665790941293,0,0,0,0,0,0,0,0,0,0,0,0,0.0902873684323179,0.0197457056485038,0,0.0391695856643226,0,0.0342071905568859,0,0,0.0426515578275711,0,0,0,0,0,0.0337888281866996,0,0,0.0550567632887278,0,0,0.0139315498517903,0,0,0,0,0,0,0.0333644733415599,0.0199671768834036,0.203588500531312,0,0,0,0.0112261586332976,0,0,0,0,0,0,0.0589507611319375,0,0,0.0814605779950186,0,0,0.0160376622826367,0,0,0,0
"B_101","Ulva",0,0,0,0,0,0,0,0,0.168039652850218,0,0,0,0,0.0731959757895209,0,0,0,0.0137638001897075,0.0531647095354922,0,0.194423652337201,0,0,0,0,0,0.0141156461271893,0,0,0.0264718349927894,0,0,0,0,0.0266157350233534,0,0.0636182482144266,0,0,0,0.366590744940101,0,0,0,0,0,0,0,0,0,0,0,0,0,0,0,0,0,0,0,0,0,0,0,0,0,0,0,0,0,0,0,0,0,0,0,0
"B_102","Ulva",0,0,0,0,0,0,0,0,0.199805866394056,0,0,0,0,0,0,0,0,0,0,0,0,0,0,0,0,0,0,0,0.0287844239819953,0,0,0,0,0,0.0260579887808663,0,0.0904580792142998,0,0,0,0.565541680540399,0,0,0,0,0,0,0,0,0,0,0,0,0.0487993228909106,0,0.0105396570242619,0,0.0143558976773121,0,0,0,0,0,0,0,0,0,0,0.0156570834958991,0,0,0,0,0,0,0,0
"B_104","Eelgrass",0,0,0,0,0,0,0,0,0.367051530766808,0,0,0,0.0125500489388407,0,0,0,0,0,0,0,0,0,0,0,0,0,0.0515220879563792,0,0,0,0,0,0,0,0.0678333019476847,0,0.370166765850472,0,0,0,0,0,0.0394374316889531,0,0,0,0,0,0,0,0,0,0,0,0,0,0,0.0647113214200199,0,0,0,0,0,0,0,0,0,0,0,0,0,0.0267275114308423,0,0,0,0,0
"B_105","Eelgrass",0,0,0,0,0,0,0,0,0.35652773900506,0,0,0,0,0,0,0,0,0.0205288999823542,0,0,0,0,0,0,0,0,0.0366291672430447,0,0,0,0.0113435488373606,0,0,0,0.0835413477225889,0,0.400893204267545,0,0,0,0,0,0.0319840189283145,0,0,0,0,0,0,0,0,0,0,0,0,0,0,0.0585520740137323,0,0,0,0,0,0,0,0,0,0,0,0,0,0,0,0,0,0,0
"B_106","Eelgrass",0,0,0,0,0,0,0.0136319564490304,0,0.362818827515374,0,0,0,0,0,0,0,0,0.0200306218843639,0,0,0,0,0,0,0,0,0.049228492368506,0,0,0,0,0,0,0,0.0592296478866583,0,0.377196818365918,0,0,0,0.020620489292467,0,0.036647761263068,0,0,0,0,0,0,0,0,0,0,0,0,0,0,0.0605953849746141,0,0,0,0,0,0,0,0,0,0,0,0,0,0,0,0,0,0,0
"B_107","Fucus",0,0,0,0,0,0,0.130948215878163,0,0.219396584031827,0,0.0134874045706166,0,0,0,0,0,0,0.0211751605370266,0,0,0,0,0,0,0,0,0.0169705467879885,0,0,0,0.130250068762119,0,0,0,0.0834923720996008,0,0.0404218518584443,0,0,0,0.155731441698732,0,0,0,0,0,0.0391665723619991,0,0,0,0,0,0,0.0374913377148398,0.0541250480981021,0.0322058196512638,0,0,0,0.0251375759492779,0,0,0,0,0,0,0,0,0,0,0,0,0,0,0,0,0
"B_108","Fucus",0,0,0,0,0,0,0.1396604113641,0,0.223148008134338,0,0.0137258842847909,0,0,0,0,0,0,0.0188149164570445,0,0,0,0,0,0,0,0,0.0181476990809786,0,0,0,0.131036913574602,0,0,0,0.08293218028497,0,0.043113353934209,0,0,0,0.14632673925644,0,0,0,0,0,0.0375035567952253,0,0,0,0,0,0,0.0381392064823707,0.0540763038666262,0.0296277616532223,0,0,0,0.0237470648310819,0,0,0,0,0,0,0,0,0,0,0,0,0,0,0,0,0
"B_110","Sugar kelp",0,0,0,0,0,0,0.136220372873609,0,0.210406586689884,0,0.0206871118352503,0,0,0,0,0,0,0.0373921941357424,0,0,0,0,0,0,0,0,0.0229609148456539,0,0,0,0.0441513159175384,0,0,0,0.0516118103715895,0,0.0214796004783261,0.012710781196562,0,0,0.296951681978619,0,0,0,0,0,0,0,0,0,0,0,0,0.0284243792259786,0.0530030758610679,0.0640001745901791,0,0,0,0,0,0,0,0,0,0,0,0,0,0,0,0,0,0,0,0,0
"B_111","Sugar kelp",0,0,0,0,0,0,0.134878055506559,0,0.186204422682982,0,0.0237079153222932,0,0,0,0,0,0,0.0388977744147845,0,0,0,0,0,0,0,0,0.0199175724114535,0,0,0,0.0493164898363546,0,0,0,0.0509099658722961,0,0.0174354733261217,0.0231089309323747,0,0,0.307769376148278,0,0,0,0,0,0,0,0,0,0,0,0,0.0207800819658057,0.0682012946570033,0.0588726469236937,0,0,0,0,0,0,0,0,0,0,0,0,0,0,0,0,0,0,0,0,0
"B_113","Limpet",0,0,0,0,0,0,0.0272484633612075,0,0.0885731096930751,0,0.0154305475032174,0,0.0256472851722634,0,0,0,0,0.0240498785468499,0,0,0,0,0,0,0,0,0.0359189050285372,0,0.0343440745483398,0,0,0,0,0,0.039839318371261,0,0,0,0,0.0114155645596323,0.0512356422237831,0,0,0.152343062139474,0,0,0.180027861821559,0,0,0.046043867985006,0,0,0,0.0461465396905853,0,0.059142864398159,0,0,0,0.0171650695050632,0,0.0557534962097036,0,0,0.0533725810451774,0,0.0137309912942117,0,0,0,0,0,0,0.0225708769028946,0,0,0
"B_115","Limpet",0,0,0,0,0,0,0.0275082236262525,0,0.0878377183967368,0,0.0156091258392875,0,0.025099490683649,0,0,0,0,0.0262114597712881,0,0,0,0,0,0,0,0,0.0354254740426263,0,0.0331998610028276,0,0,0,0,0,0.0421663000344011,0,0.0111052845540926,0,0,0.0143949402674493,0.0503449308857206,0,0,0.148515021171697,0,0,0.169243612941463,0,0,0.0431592065685865,0,0,0,0.0457970995326382,0,0.0587189197588162,0,0,0,0.0174705553427888,0,0.0562371519442897,0,0,0.0541320939114778,0,0.0158391813328555,0,0,0,0,0,0,0.0219843483910563,0,0,0
"B_116","Idotea",0,0,0,0,0,0,0.0519958141494144,0,0.163235056662158,0,0.0186879102717999,0,0.0442819037413083,0,0,0,0,0.107270066043872,0,0,0,0,0,0,0,0,0.0506306232512347,0,0.0236769142587744,0,0.04653935349178,0,0,0,0.037815310130158,0,0.0195745661363316,0,0,0,0.155896729877009,0,0,0.0172422397323455,0,0,0.015164300936353,0,0,0,0,0,0,0.0706852996384139,0,0.105199042251991,0,0,0,0,0,0,0,0,0.0111899681235857,0,0.0405948107879009,0,0,0.0203200905155694,0,0,0,0,0,0,0
"B_117","Idotea",0,0,0,0,0,0,0.0582635116112138,0,0.168994617374321,0,0.0201377236688794,0,0.0479148407689618,0,0,0,0,0.107887938696553,0,0,0,0,0,0,0,0,0.0569458964232049,0,0.0208902770316547,0,0.0361527324652339,0,0,0,0.0341565660520823,0,0.0139925886292331,0,0,0,0.160608894482257,0,0,0.0125100933561716,0,0,0,0,0,0,0,0,0,0.05525995419949,0.0108891513416224,0.115904992210245,0,0,0,0,0,0,0,0,0,0,0.0348371095992985,0,0,0.0219872832383048,0,0,0,0.0109819374284932,0.0116838914227796,0,0
"B_119","Bentnose Macoma",0.0321101725396908,0,0,0,0,0,0.014272092293027,0,0.103728998700859,0,0,0,0,0,0,0,0,0,0,0,0,0,0,0,0,0,0.0678420176407649,0,0,0,0.0184336084517962,0,0,0,0,0,0,0,0,0,0.0377817432122479,0,0,0.127926193244111,0,0,0.374599354128156,0,0,0.0143244663829349,0,0,0,0.013898861116502,0.0183991790662749,0.0315153658576771,0,0,0,0,0,0,0,0,0,0,0.0268996890939905,0,0,0.0284538923341335,0,0,0,0,0.0145060355536204,0.0753083303842137,0
"B_120","Bentnose Macoma",0.030219153893021,0,0,0,0,0,0.0132090900326058,0,0.0990264050646616,0,0.0112815845215175,0,0,0,0,0,0,0,0,0,0,0,0,0,0,0,0.0656620215542958,0,0,0,0.017852618166562,0,0,0,0,0,0,0,0,0,0.0267206048245865,0,0,0.138125544262197,0,0,0.376015713344336,0,0,0.0141732496686586,0,0,0,0.0123191125046163,0.0174094733504045,0.0318965404326814,0,0,0,0,0,0,0,0,0,0,0.0270831873000231,0,0.0112774291461096,0.028229309093782,0,0,0,0,0.0138267865869918,0.0656721762529489,0
"B_122","Butter clam",0.0268010492235357,0,0,0,0,0,0.0117005067266036,0,0.110908929862627,0,0.0113720821729767,0,0,0,0,0,0,0.0196028744320253,0,0,0,0,0,0,0,0,0.0381079504841453,0,0,0,0,0,0,0,0.0134431827124176,0,0,0,0,0,0.0291124916695479,0,0,0.15562701597803,0,0,0.0719429190929341,0,0,0.0221595693798595,0,0,0,0.0244356888113523,0,0.0332914451959456,0,0,0,0,0,0.21357643913897,0,0,0.0316101978608831,0,0.0455065539626113,0,0,0.0500978003268916,0,0,0,0.0130194913786583,0.0157759311036955,0.0619078804862901,0
"B_130","Eelgrass",0,0,0,0,0,0,0.0388385359648971,0,0.330133048093814,0,0,0,0,0,0,0,0,0.0214085353470512,0,0,0,0,0,0,0,0,0.0562762259318075,0,0,0,0.0130384572675892,0,0,0,0.0499282732123237,0,0.332740026499925,0,0,0,0.0430595068124742,0,0.0400745940091144,0,0,0,0,0,0,0,0,0,0,0,0,0.0174254525316825,0,0.0570773443293209,0,0,0,0,0,0,0,0,0,0,0,0,0,0,0,0,0,0,0
"B_131","Eelgrass",0,0,0,0,0,0,0.0300411918367316,0,0.337788102607977,0,0,0,0,0,0,0,0,0.0164649368855481,0,0,0,0,0,0,0,0,0.0610805226727458,0,0,0,0.0121477344934998,0,0,0,0.0482848627902316,0,0.38525236590552,0,0,0,0.0118042306872601,0,0.0407589430716694,0,0,0,0,0,0,0,0,0,0,0,0,0,0,0.0563771090488163,0,0,0,0,0,0,0,0,0,0,0,0,0,0,0,0,0,0,0
"B_134","Sugar kelp",0,0,0,0,0,0,0.133703241095594,0,0.216416818786711,0,0.0246896270859813,0,0,0,0,0,0,0.0558276091593887,0,0,0,0,0,0,0,0,0.0171731544360393,0,0,0,0.0487735420020164,0,0,0,0.059833994842207,0,0.0173977193139677,0.0167757911434727,0,0,0.238340210016452,0,0.0116919324132066,0,0,0,0,0,0,0,0,0,0,0.0295949850717459,0.0641870287213703,0.0655943459118474,0,0,0,0,0,0,0,0,0,0,0,0,0,0,0,0,0,0,0,0,0
"B_135","Sugar kelp",0,0,0,0,0,0,0.14233983865245,0,0.240682814278375,0,0.0287082324580394,0,0,0,0,0,0,0.0222742259019915,0,0,0,0,0,0,0,0,0.0216496363083755,0,0,0,0.0531152607240301,0,0,0,0.0606476398001748,0,0.0209302771428828,0.0107329705629444,0,0,0.240563792267241,0,0,0,0,0,0,0,0,0,0,0,0,0.0411638729366332,0.0572017155727494,0.0599897233941123,0,0,0,0,0,0,0,0,0,0,0,0,0,0,0,0,0,0,0,0,0
"B_136","Fucus",0,0,0,0,0,0,0.142666724583362,0,0.231217974365758,0,0.0185444772360344,0,0,0,0,0,0,0.0175023626205351,0,0,0,0,0,0,0,0,0.0197213656936886,0,0,0,0.125262925201751,0,0,0,0.0812242245392318,0,0.0411184701656876,0,0,0,0.140276865699293,0,0,0,0,0,0.04059508574344,0,0,0,0,0,0,0.0379792979543442,0.0517182369759514,0.026359915866742,0,0,0,0.0258120733541806,0,0,0,0,0,0,0,0,0,0,0,0,0,0,0,0,0
"B_137","Fucus",0,0,0,0,0,0,0.141658870703274,0,0.21716378248268,0,0.012398654514497,0,0,0,0,0,0,0.0121625924612823,0,0,0,0,0,0.0171768354302781,0,0,0.015176801834209,0,0,0,0.14720956846887,0,0,0,0.0878194500987696,0,0.037303290085585,0,0,0,0.136042263261911,0,0,0,0,0,0.0389240854415349,0,0,0,0,0,0,0.0365215661929962,0.0553396867265889,0.0297008228531315,0,0,0,0.0154017294443911,0,0,0,0,0,0,0,0,0,0,0,0,0,0,0,0,0
"B_139","Ulva",0,0,0,0,0,0,0,0,0.175227934737273,0,0,0.0318080028960858,0.0380916939606644,0,0,0,0,0.125123698162888,0.195515103425787,0,0,0,0,0,0,0,0,0,0.0457030685561878,0,0,0,0,0,0.0587368712306057,0,0.0582339828037942,0,0,0,0.248930402877947,0,0,0,0,0.0226292413487669,0,0,0,0,0,0,0,0,0,0,0,0,0,0,0,0,0,0,0,0,0,0,0,0,0,0,0,0,0,0,0
"B_140","Ulva",0,0,0,0,0,0,0.0126658570967277,0,0.199989401587067,0,0,0.046604928907267,0.0526846971390458,0,0,0,0,0.0184406711538983,0.0560608539260528,0,0,0,0,0.0176570948190366,0,0,0,0,0.03407948638648,0,0,0,0,0,0.0263397658626322,0,0.0630117988296917,0,0,0,0.357456320943518,0,0,0,0,0,0,0,0,0,0,0,0,0.0880039336404203,0,0.0125887908166869,0,0,0,0,0,0,0,0,0,0,0,0,0.0144163988914751,0,0,0,0,0,0,0,0
"B_143","Limpet",0,0,0,0,0,0,0.0210751460093349,0,0.0672178146754892,0,0,0,0.344966275057716,0,0,0,0,0.0168396862948439,0,0,0,0,0,0,0,0,0.0232044754839075,0,0.0271789664261791,0,0,0,0,0.0213682544454964,0,0,0,0,0,0,0.0386190421641195,0,0,0,0,0.107638826695993,0.130052932042622,0.0205188942765916,0,0.0111195062578619,0,0,0,0.0305432124865868,0,0.0413471138359643,0,0,0,0.0124305182720169,0,0,0,0,0.0723613661032173,0,0,0,0,0,0,0,0,0.0135179694720593,0,0,0
"B_144","Limpet",0,0,0,0,0,0,0.0222629834672061,0,0.0677008702691319,0,0.0110499256834991,0,0.382151551838837,0,0,0,0,0.0191659455705011,0,0,0,0,0,0,0,0,0.0207294846668727,0,0.0257769488205495,0,0,0,0,0.0202195018911984,0,0,0,0,0,0,0.0424906506632502,0,0,0,0,0.100052757995598,0.114197541130603,0.0185475847929601,0,0,0,0,0,0.0307840958998109,0,0.0398028561524688,0,0,0,0.0116035079579212,0,0,0,0,0.0574421891165675,0,0,0,0,0,0,0,0,0.0160216040830249,0,0,0
"B_150","Idotea",0,0,0,0,0,0,0.0319282594163201,0,0.127777205256008,0,0,0,0.447418269000915,0,0,0,0,0.0392966145898243,0,0,0,0,0,0,0,0,0.0466645109552233,0,0.0189017422367,0,0.0307073335943733,0,0,0,0,0,0,0,0,0,0.0794773804888688,0,0,0,0,0,0,0,0,0,0,0,0,0.029508439924912,0.0177825500895322,0.0962408990496511,0,0,0,0,0,0,0,0,0,0,0.016112488586212,0,0,0.0181843068114595,0,0,0,0,0,0,0
"B_151","Idotea",0,0,0,0,0,0,0.0295222246330584,0,0,0,0,0,0.561011641632761,0,0,0,0,0.056299391468738,0,0,0,0,0,0,0,0,0.0326382333516277,0,0.0213851498682163,0,0.0331595498371593,0,0,0.0137739856099489,0,0,0.0113467255485599,0,0,0,0.0967442628653407,0,0,0,0,0.012218410294074,0,0,0,0,0,0,0,0.0355101259205252,0,0.0687502302888698,0,0,0,0,0,0,0,0,0,0,0.0139418120715926,0,0,0.0136982566095284,0,0,0,0,0,0,0
"B_157","Bentnose Macoma",0.0271919264364659,0,0,0,0,0,0,0.0129620681925831,0.0852405823501211,0,0,0,0.0505202638284689,0,0,0,0,0,0,0,0,0,0,0.0788348142878822,0,0,0.0547894890983445,0,0,0,0.0158962712784319,0,0,0,0,0,0,0,0,0,0.0194757532765256,0,0,0,0,0.135338657084786,0.332899162442039,0,0,0,0,0,0,0,0.0140338209460057,0.0327043145657794,0,0,0,0,0,0,0,0,0.0140208050153049,0,0.0259645080025186,0,0,0.0218264626988134,0,0,0,0,0.0123097356160298,0.0659913648799004,0
"B_158","Bentnose Macoma",0.0287808596850126,0,0,0,0,0,0,0,0.0897438784355399,0,0,0,0.0460690085880751,0,0,0,0,0,0,0,0,0,0,0.0489607031506039,0,0,0.059148747349933,0,0,0,0.0150565050084431,0,0,0,0,0,0,0,0,0,0.0179975993799529,0,0,0,0,0.13234332433005,0.337985485463348,0,0,0,0,0,0,0,0.0160667611977227,0.0308306078077903,0,0,0,0,0,0,0,0,0.0133218795139734,0,0.026582826147809,0,0.0109639415037042,0.0263341933407273,0,0,0,0.024468942111152,0.0122950814826525,0.0630496555035101,0
"B_161","Ulva",0,0,0,0,0,0,0,0,0.162409813821208,0,0,0.029275136504659,0.034478780815618,0,0,0,0,0.0729724594713892,0.158926702093822,0,0,0,0,0.155592415142392,0,0,0,0,0.040532150762484,0,0,0,0,0,0.0470143586945734,0,0.0523826282141008,0,0,0,0.222614473896873,0,0,0,0,0.0238010805828816,0,0,0,0,0,0,0,0,0,0,0,0,0,0,0,0,0,0,0,0,0,0,0,0,0,0,0,0,0,0,0
"B_162","Ulva",0,0,0,0,0,0,0,0,0.164508041427036,0,0,0.0339222268956398,0.0415566528098304,0,0,0,0,0.0715788902512283,0.163045118380754,0,0,0,0,0.159861706416831,0,0,0,0,0.0354241242301159,0,0,0,0,0,0.0466952164111231,0,0.0568464777181697,0,0,0,0.208778440805527,0,0,0,0,0.0177831046537444,0,0,0,0,0,0,0,0,0,0,0,0,0,0,0,0,0,0,0,0,0,0,0,0,0,0,0,0,0,0,0
"B_164","Sugar kelp",0,0,0,0,0,0,0.113170414195447,0,0.206085745122305,0,0,0,0.218505903687199,0,0,0,0,0.0449178541509053,0,0,0,0,0,0,0,0,0,0,0,0,0.06053353444884,0,0,0,0.0446051854938812,0,0,0.0263392582117366,0,0,0.169543015306595,0,0,0,0,0,0,0,0,0,0,0,0,0,0.0749811091704139,0.0413179802126768,0,0,0,0,0,0,0,0,0,0,0,0,0,0,0,0,0,0,0,0,0
"B_165","Eelgrass",0,0,0,0,0,0,0,0,0.150783529765052,0,0,0.160262824383971,0.162430341484593,0,0,0,0,0.0266894368107867,0.239192754584763,0,0,0,0,0,0,0,0.0166136888508691,0,0,0,0,0,0,0,0.0394219434407796,0,0.163853824671795,0,0,0,0,0,0.0141580032689568,0,0,0,0,0,0,0,0,0,0,0,0,0,0,0.0265936527384327,0,0,0,0,0,0,0,0,0,0,0,0,0,0,0,0,0,0,0
"B_166","Eelgrass",0,0,0,0,0,0,0,0,0.195033936059129,0,0,0.179240820815644,0,0,0,0,0,0,0.278100134919957,0,0,0,0,0,0,0,0.0255116892936818,0,0,0,0,0,0,0,0.0400740951301751,0,0.222217171733704,0,0,0,0,0,0.0179360371086421,0,0,0,0,0,0,0,0,0,0,0,0,0,0.0128654168964184,0.0290206980426489,0,0,0,0,0,0,0,0,0,0,0,0,0,0,0,0,0,0,0
"B_168","Fucus",0,0,0,0,0,0,0.143766417743546,0,0.234671890319495,0,0,0.0114896265164725,0,0,0,0,0,0.011944114938538,0,0,0,0,0,0,0.0161630002328651,0,0.014004706865855,0,0,0,0,0.142940072395886,0,0,0.0871713067389819,0,0.0387842307101359,0,0,0,0.13728129858835,0,0,0.0345341016155131,0,0,0,0,0,0,0,0,0,0.0271321161768255,0.054507407358157,0.0296475712492585,0,0,0.015962138550121,0,0,0,0,0,0,0,0,0,0,0,0,0,0,0,0,0,0
"B_169","Fucus",0,0,0,0,0,0,0.148363836369336,0,0.246380081617311,0,0,0,0,0,0,0,0,0.0108062315685181,0,0,0,0,0,0,0.0187244323415197,0,0.0154158116340347,0,0,0,0,0.16151095964435,0,0,0.0874609674817589,0,0.0344595141251884,0,0,0,0.131094616460468,0,0,0.0301011765516397,0,0,0,0,0,0,0,0,0,0.0211151436360482,0.0533316009203963,0.0268713990539413,0,0,0.0143642285954888,0,0,0,0,0,0,0,0,0,0,0,0,0,0,0,0,0,0
"B_172","Limpet",0,0,0,0,0,0,0.0232739025232797,0,0.0970031479822627,0,0,0,0,0.0170693397928785,0,0,0,0.0118631640354154,0,0,0,0,0,0,0,0,0.0496313363928643,0.0184583851676979,0,0.0458166472715728,0,0,0,0,0.0360419904066189,0,0,0,0,0,0.0278457787624522,0,0,0.19244479406756,0.129903235028589,0,0,0,0.0416711753207037,0,0,0,0,0.0223226917134261,0.0162231274721106,0.0819477275502536,0,0,0.0127681444688673,0,0,0,0.053774722762843,0.0156205805186924,0.0659604889772119,0,0.0117541560574864,0,0,0,0,0,0,0.0286054637272134,0,0,0
"B_179","Idotea",0,0,0,0.0204352664319463,0,0,0,0,0.232470283477968,0,0,0,0,0.0225621828350801,0.0118649324114782,0,0,0,0,0,0,0,0,0,0.0262127785605367,0,0.129767869349247,0.0188375439564154,0,0.0545490932933,0,0.0608847727572704,0,0,0.0231075267547959,0,0,0,0,0,0.0222953055567777,0,0,0,0,0,0,0,0,0,0,0,0,0.0213838236098935,0.0260139351360516,0.23170967786936,0,0.0124380156864176,0,0,0,0,0,0,0,0,0.0249084923204373,0,0,0.039928414221007,0,0,0,0,0,0.0206300857720179,0
"B_180","Idotea",0,0,0,0.0259866622733432,0,0,0.0279628239325852,0,0.197784232150933,0,0,0.0133324201002204,0,0.0334435871533876,0.0131603739560724,0,0,0.0206070647627702,0,0,0,0,0,0,0.0237041606852614,0,0.0956087221140927,0.0232127356447506,0,0.0445231465742558,0,0.0453814441922525,0,0,0.0197677191324523,0,0,0,0,0,0.0476415445308979,0,0,0,0.0159140977657994,0,0,0,0,0,0,0,0,0.038618313677153,0.0185884506511278,0.185536661729421,0,0,0,0,0,0,0,0,0,0,0.0244991207604356,0,0,0.0388538489800249,0,0,0,0.0166498897354405,0.0113778637069322,0.0178451157903906,0
"B_182","Butter clam",0,0,0,0.0336467131516372,0,0,0,0,0.153963466137475,0,0.0152313574183368,0.0113704749427448,0,0.0111882511013412,0,0,0,0,0,0,0,0,0,0,0,0,0.0540828439853486,0.0161054858976708,0,0.0119132957387974,0,0,0,0,0,0,0,0,0,0,0.03971365405169,0,0,0.0858447048281036,0.215215192272528,0,0,0,0,0,0,0,0,0.0367915843760345,0,0.0562640704881592,0,0,0,0,0,0,0,0.0393274075550284,0,0,0.0450672079981628,0,0,0.06363489167994,0,0,0,0.0116816586151721,0.0181626451042066,0.0807950946576237,0
"B_183","Bentnose Macoma",0,0,0,0.0295845881700397,0,0,0,0.0128139704320597,0.0878024894938116,0,0,0,0,0,0,0,0,0,0,0,0,0,0.0116125576082607,0,0.0705497505353544,0,0.0542596902989972,0.0122695102245664,0,0,0,0.014033175325264,0,0,0,0,0,0,0,0,0.0181500084650585,0,0,0.357813008744964,0.133804600056591,0,0,0,0,0,0,0,0,0,0.0142509899198487,0.0246557463406976,0,0,0,0,0,0,0,0,0,0,0.0165518115168046,0,0,0.0184356922718764,0,0,0,0.0547970374926767,0.0122148372738858,0.0564005358292422,0
"B_184","Pointed Macoma",0,0,0,0.0303116302510246,0,0,0,0,0.0969952889321785,0,0,0,0,0,0,0,0,0,0,0,0,0,0,0,0.0388788317192469,0,0.0685694656565992,0.0124710588952715,0,0,0,0.0154021569289359,0,0,0,0,0,0,0,0,0.0190063135821308,0,0,0.379665719220775,0.145696884871827,0,0,0,0,0,0,0,0,0.013173639060417,0.0121947470144624,0.036945920752787,0,0,0,0,0,0,0,0,0,0,0.0289423524623652,0,0,0.0274682650316493,0,0,0,0,0.014436117356984,0.0598416082633448,0
"B_185","Helmet crab",0,0,0,0.0400696170902089,0,0,0,0,0.185597229890993,0,0.0123270491254731,0,0,0.0124104376562872,0,0,0,0,0,0,0,0,0.0140156127822631,0,0.0517871120667207,0,0.0726846370609399,0.0399828099325477,0,0.0355165037781128,0,0.0327325082225008,0,0,0.0281206507845197,0,0,0,0,0,0.0213401506234007,0,0,0.0110948072421316,0.0381031060886242,0,0,0,0,0,0,0,0,0.0230788685652004,0.0153436627648378,0.192049217321611,0,0,0,0,0.0152010324599268,0,0,0,0,0,0.0409266538586441,0,0,0.075138324025112,0,0,0,0.01416079623887,0,0.0283192124210743,0
"B_186","Helmet crab",0,0,0,0.0199994125035468,0,0,0,0,0.210099737880246,0,0.0145564350615388,0,0,0.0119689050156749,0,0,0,0,0,0,0,0,0,0,0.0318759003838618,0,0.0797600059518332,0.0394465933154634,0,0.0415569883913546,0,0.0344364015996974,0,0,0.0323293258538097,0,0,0,0,0,0.0197156971390395,0,0,0,0.0465378551991951,0,0,0,0,0,0,0,0,0.0201576921342386,0.014349488562375,0.216252802369313,0,0,0,0,0.0135741130394588,0,0,0,0,0,0.0478223111236963,0,0,0.0827181030044005,0,0,0,0,0,0.0228422314712566,0
"B_191","Staghorn sculpin",0,0,0,0,0,0,0,0,0.219472038282957,0,0.0223566180809944,0,0,0,0.0210004152583964,0,0,0,0,0,0,0,0,0.024954895088584,0.0166060036712813,0,0.112203484303124,0.0618125922848238,0,0.0257118221489086,0,0.0460083006922943,0,0,0.0170410868259575,0,0,0,0,0,0.0166258284295986,0,0,0.0120600517463489,0.0367887552364187,0,0,0,0,0,0,0,0,0.0316581881157832,0.018125337573173,0.106063231626107,0,0,0,0,0,0,0,0,0,0,0.0116298458838781,0,0.0256383471763318,0.152601407081587,0,0,0,0,0,0.0216417504934529,0
"B_192","Staghorn sculpin",0,0,0,0.0159850885149968,0,0,0,0,0.224915162213189,0,0.0188363198998018,0,0,0.0113378400033677,0.0188730129754447,0,0,0,0,0,0,0,0,0.0266032273717188,0.0117087433512222,0,0.0924411986521467,0.0569723646250302,0,0.0265570513358981,0,0.0429129150506389,0,0,0.0186662246411175,0,0,0,0,0,0.0252298213553401,0,0,0.0121397908789429,0.028532625323566,0,0,0,0,0,0,0,0,0.0391787859004529,0.0148820322957587,0.0959010481298033,0,0,0,0,0,0,0,0,0,0,0.0139597717024325,0,0.0255983326051317,0.150064534320552,0,0,0,0,0,0.0287041088534475,0
"B_195","Dungeness crab",0,0,0,0.0228337426729035,0,0,0,0,0.217000152607356,0,0.0174899894893218,0,0,0.0172267315718435,0,0,0,0,0,0,0,0,0.0112922283578835,0.011699624536808,0.0393096910580681,0,0.0560922247574955,0.0534693420822762,0,0.0282349588676125,0,0.0446552648924118,0,0,0.0336171911981969,0,0,0,0,0,0.0232110674291307,0,0,0.0162438460981408,0.024348667304099,0,0,0,0,0,0,0,0,0.0179200926608954,0.0137132438227774,0.153010844941516,0,0,0,0,0.0107288494591849,0,0,0,0,0,0.022624224638028,0,0.011529015240688,0.105990247858076,0,0,0,0,0,0.0310115944768411,0.0167471639784451
"B_197","Dungeness crab",0,0,0,0.0195595679604957,0,0,0,0,0.227000449358904,0,0.0178823563990999,0,0,0.0236878975917875,0,0,0,0,0,0,0,0,0.0110849083601123,0,0.0373201499867809,0,0.059772995494327,0.0472556348415127,0,0.0299677089787023,0,0.0380828219917551,0,0,0.0337864845014927,0,0,0,0,0,0.0230564292971811,0,0,0.0150071092745329,0.0286517217471297,0,0,0,0,0,0,0,0,0.0134791530832352,0.0117682592485077,0.174226039867452,0,0,0,0,0,0,0,0,0,0,0.0439876473129584,0,0.0118255148657223,0.0876979574207219,0,0,0,0,0,0.0297800991409895,0.0151190932765999
"B_198","Helmet crab",0,0,0,0,0,0,0,0,0.244945192930318,0,0,0,0,0,0,0,0,0,0,0,0,0,0,0,0,0,0.0900569082608038,0.0379327075611641,0,0.0355975248446765,0,0.0394517353620113,0,0,0.0352981903687166,0,0,0,0,0,0.0240588021848892,0,0,0,0.037135242845531,0,0,0,0,0,0,0,0,0.0277020804449996,0.0249801804992716,0.2141128923519,0,0,0,0,0.016241152708619,0,0,0,0,0,0.0450462705028763,0,0,0.111248560945623,0,0,0,0,0,0.0161925581886002,0
"B_201","Helmet crab",0,0,0,0.0142254462110369,0,0,0,0,0.227310099792056,0,0,0,0,0,0,0,0,0,0,0,0,0,0,0,0.016379446993029,0,0.0861096362327706,0.0298590418130945,0,0.0407617965153211,0,0.041726652662824,0,0,0.0394712512225965,0,0,0,0,0,0.0263837092022624,0,0,0,0.0458801109818228,0,0,0,0,0,0,0,0,0.0286202301123321,0.0303867573276535,0.221494074589836,0,0,0,0,0,0,0,0,0,0,0.0351119152818401,0,0,0.0976416949737633,0,0,0,0,0,0.0186381360877616,0
"B_202","Helmet crab",0,0,0,0.0163232665349515,0,0,0,0,0.22001864752422,0,0.0132218835523238,0,0,0,0,0,0,0,0,0,0,0,0,0,0.0154510359036676,0,0.0839209554296221,0.0338310287541149,0,0.0307556587891413,0,0.0368840427616569,0,0,0.0333315788151552,0,0,0,0,0,0.0289549484574368,0,0,0,0.0447508146645851,0,0,0,0,0,0,0,0,0.0269206651722351,0.0277411309867981,0.211681355640878,0,0,0,0,0.0145740598013807,0,0,0,0,0,0.0507160893975337,0,0,0.0857041423477604,0,0,0,0,0,0.0252186954665384,0
"B_204","Dungeness crab",0,0,0,0.0255156292750733,0,0,0,0,0.198315937285629,0,0.0187079512726166,0,0,0.015484626488036,0,0,0,0,0,0,0,0,0.0115046970494588,0,0.025515588726027,0,0.0708680547213434,0.0707211860758225,0,0.0325885385890574,0,0.0358923126814,0,0,0.0354550520411528,0,0,0,0,0,0.0132536382378317,0,0,0.0238627082282226,0.0381459475739354,0,0,0,0,0.0137158365415232,0,0,0,0.02327057050582,0.0161542534378242,0.152308908311206,0,0,0,0,0,0,0,0,0,0,0.0235041532867486,0,0.0174996505179076,0.0742277864975123,0,0,0,0,0,0.0419215098194077,0.0215654628364443
"B_205","Dungeness crab",0,0,0,0.0423138075556386,0,0,0,0.0107316476669664,0.175613033810061,0,0.0181888392428557,0,0,0.0281869579819626,0,0,0,0,0,0,0,0,0.0164654533134972,0,0.152232459266015,0,0.0441286316206159,0.0357054278690747,0,0.0280112336367926,0,0.0248322633671514,0,0,0.0332059362264579,0,0,0,0,0,0,0,0,0.0109311103199356,0.0233376325539119,0,0,0,0,0,0,0,0,0.0126904232651364,0.0132149942169069,0.130372886360475,0,0,0,0,0.012399111621221,0,0,0,0,0,0.0356302261273159,0,0.0128901446047932,0.06856484566912,0,0,0,0,0.0137906786147657,0.0565622550893296,0
"B_207","Dungeness crab",0,0,0,0.0548031174551661,0,0,0,0,0.182956088944073,0,0,0,0,0.0202340355645689,0,0,0,0,0,0,0,0,0.0191030467290102,0,0.122349202565824,0,0.0578090103563091,0.0531033086839135,0,0.0346474139959561,0,0.0347476590751591,0,0,0.0293337367600082,0,0,0,0,0,0,0,0,0,0.0202521747531934,0,0,0,0,0,0,0,0,0,0.0151537909215404,0.148744953708999,0,0,0,0,0.0232948255733537,0,0,0,0,0,0.0287445467239854,0,0.0153968768987508,0.0741485412735554,0,0,0,0.0150431001716468,0,0.0501345698449875,0
"B_208","Particulate organic matter",0,0,0,0,0,0,0.131481504174411,0,0.155957586601979,0,0,0.0336643168147677,0,0.0667237655773868,0.0181917113359499,0,0.0342358772439729,0.103374337518397,0.0586962370699484,0,0,0.125092513677179,0,0,0,0,0.0172226862376573,0,0,0,0,0,0,0,0,0,0,0,0,0,0.128036783384063,0,0,0,0,0,0,0,0,0,0,0,0,0.0263737127170556,0,0.0616030694405097,0,0,0,0,0,0,0,0,0,0,0,0,0,0.0254326778983354,0,0,0,0.0139132203083865,0,0,0
"B_209","Particulate organic matter",0,0,0,0,0,0,0.130896849961772,0,0.150625800995229,0,0,0.0325731847476962,0,0.0685351933007466,0.0189559199200677,0,0.0405541417525346,0.0997611746990333,0.0572382400192222,0,0,0.135362355950955,0,0,0,0,0.0113727203940769,0,0,0,0,0,0,0,0,0,0,0,0,0,0.126954934179605,0,0,0,0,0,0,0,0,0,0,0,0,0.025316570342991,0,0.061947731470813,0,0,0,0,0,0,0,0,0,0,0,0,0,0.0229889892853889,0,0,0,0.0169161929798685,0,0,0
"B_212","Particulate organic matter",0,0,0,0,0,0,0.116105592133316,0,0.118982316582381,0,0,0.0207136327705018,0,0.0605581209653186,0.0230791277888069,0,0.0455136945224138,0.115722649562604,0.0864189618088659,0,0,0.180408396753597,0,0,0,0,0,0,0,0,0,0,0,0,0,0,0,0,0,0,0.126511642422145,0,0,0,0,0,0,0,0,0,0,0,0,0.0233082599885361,0,0.0660449765419954,0,0,0,0,0,0,0,0,0,0,0,0,0,0.0166326281595172,0,0,0,0,0,0,0
"B_213","Particulate organic matter",0,0,0,0,0,0,0.116509553908738,0,0.11945397742379,0,0,0.0211343159350195,0,0.0605263468063809,0.0226988972750904,0,0.0447905754086778,0.117803537249803,0.0905089777474111,0,0,0.164985990285026,0,0,0,0,0,0,0,0,0,0,0,0,0,0,0,0,0,0,0.12125349936768,0,0,0,0,0,0,0,0,0,0,0,0,0.0229569848413269,0,0.0649049556869292,0,0,0,0,0,0,0,0,0,0,0,0,0,0.017059268712927,0,0,0,0.0154131193512002,0,0,0
"B_217","Particulate organic matter",0,0,0,0,0,0,0.116506780192803,0,0.112974264966446,0,0,0.0168149142428025,0,0.0611669842387167,0.0178803496569711,0,0.0507899655325095,0.102536158791104,0.0597721025314333,0,0,0.188711080354356,0,0,0,0,0,0,0,0,0,0,0,0,0,0,0,0,0,0,0.131586529386091,0,0,0,0,0,0,0,0,0,0,0,0,0.032632922291037,0,0.0755695527440064,0,0,0,0,0,0,0,0,0,0,0,0,0,0.0145031809715855,0,0,0,0.0185552141001376,0,0,0
"B_226","Particulate organic matter",0,0,0,0.0119240530889172,0,0,0.0628385715618945,0,0.16772002426243,0,0,0.0170154978475564,0,0.0110738630108701,0.012272161357906,0,0,0.0213953279265824,0.0125950418787314,0.0175842130470179,0,0.0512280577170866,0,0.0111159617663907,0,0,0.032767970019196,0,0,0,0,0.013854791019139,0,0,0.0149299436145257,0,0.011093348945605,0,0,0,0.225029914729817,0,0,0.0241312902107602,0.0197089518092749,0,0,0,0,0,0,0,0,0.0475759965828885,0,0.0481986249687932,0,0,0,0,0,0,0,0,0,0,0.0150702439198744,0,0,0.0935160252870724,0,0,0,0.0275279548535624,0,0.0167423245757656,0.0130898459983416
"B_228","Particulate organic matter",0,0,0,0,0,0,0.108888220098163,0,0.134299541075677,0,0,0.0264222188372306,0,0.0566947996079821,0.0331952407573727,0,0.0440957118047077,0.105133091237371,0.0441264396512561,0,0,0.152201328707499,0,0,0,0,0.0150204975573464,0,0,0,0,0,0,0,0.0117867136529662,0,0,0,0,0,0.128607207502581,0,0,0.0130330783926657,0.0130736792143566,0,0,0,0,0,0,0,0,0.0269554846956946,0,0.0534346430553274,0,0,0,0,0,0,0,0,0,0,0,0,0,0.0330321041518034,0,0,0,0,0,0,0
"B_231","Particulate organic matter",0,0,0,0,0,0,0.0924616297077653,0,0.129599285726132,0,0,0.0214861354464462,0,0.0419775815828753,0.023860339756266,0,0.0360107494438454,0.0977192732035707,0.0513869568961601,0,0,0.154513559297594,0,0,0,0,0.0155287784387161,0,0,0,0,0,0,0,0.0115506837454222,0,0,0,0,0,0.179437372117786,0,0,0,0,0,0,0,0,0,0,0,0,0.0298083783641917,0,0.0549430591628338,0,0,0,0,0,0,0,0,0,0,0,0,0,0.0472390792486303,0,0,0,0.0124771378617641,0,0,0
"B_239","Shiner perch",0,0,0,0,0,0,0,0,0.329693411436702,0,0.0132501073359663,0,0,0,0.0172179237815599,0,0,0,0,0,0,0,0,0.0140397501933848,0,0,0.130786939200124,0.0170809144689912,0,0.0249731756551481,0,0.0361237426128545,0,0,0.0148944506083486,0,0,0,0,0,0.0124802981586062,0,0,0,0.0197876072684392,0,0,0,0,0,0,0,0,0.0165545116219963,0.0258001963817297,0.116756732839815,0,0,0,0,0.0162171847133004,0,0,0,0,0,0,0,0.0138892354566518,0.180453818266382,0,0,0,0,0,0,0
"B_241","Shiner perch",0,0,0,0,0,0,0.0141581384759445,0,0.294370450952029,0,0.0184040275238901,0,0,0.0121523069530529,0.0209769907361732,0,0,0,0,0,0,0,0,0.0187180288214727,0.0146670413681912,0,0.107539392149935,0.0205377043340761,0,0.0234539163720186,0,0.0448504493806908,0,0,0.0152141217060509,0,0,0,0,0,0.0344000085694438,0,0,0,0.013002041858415,0,0,0,0,0,0,0,0,0.02947833367493,0.015769722332202,0.0874750144081966,0,0,0,0,0,0,0,0,0,0,0,0,0,0.175097126678192,0,0,0,0.0281669261292439,0,0.0115682575758522,0
"B_242","Dock shrimp",0,0,0,0.0163013790050724,0,0,0.0194249207333141,0.0155154992723688,0.224087281495688,0,0.0134843190302173,0,0,0.0253964029473472,0.0110038895540232,0,0,0,0,0,0,0,0.0160852154285179,0,0.0967607697794246,0,0.0749652210074994,0.038732447960302,0,0.0392662161283054,0,0.0423427602069053,0,0,0.0298790530396192,0,0,0,0,0,0.0125700693062576,0,0,0.0165207989388227,0.0322723841078939,0,0,0,0,0,0,0,0,0.0134917647458281,0.0121574266494565,0.121715241149349,0,0,0,0,0,0,0,0,0,0,0.0285589111970903,0,0,0.0671885094935984,0,0,0,0,0,0.0322795188230984,0
"B_244","Dock shrimp",0,0,0,0,0,0,0.0202287240339104,0.0251715981788234,0.241698917757953,0,0.0142230070244372,0,0,0.0244307497731208,0,0,0,0,0,0,0,0,0.0168520112921403,0,0.166286556515017,0,0.0694566720615648,0.0351333139302536,0,0.0394484918198167,0,0.0476652361475244,0,0,0.0370202419959275,0,0,0,0,0,0,0,0,0,0.0218136142032415,0,0,0,0,0,0,0,0,0,0,0.122634168028254,0,0,0,0,0,0,0,0,0,0,0.0259907721946306,0,0,0.0754014474978115,0,0,0,0,0,0.0165444775455736,0
"B_247","Staghorn sculpin",0,0,0,0.0116896183978967,0,0,0,0,0.21415243053953,0,0.0186975504218779,0,0,0.014665955881766,0.0202396216577769,0,0,0,0,0,0,0,0,0,0.0112739583467136,0,0.103287105976416,0.0537443016422867,0,0.0280109613015954,0,0.0403348279887439,0,0,0.0154993425334217,0,0,0,0,0,0.0335231168458169,0,0,0.0192720713846095,0.0522863713789245,0,0,0,0,0,0,0,0,0.0303544889766006,0.0161775353855032,0.11981796050954,0,0,0,0,0,0,0,0.0132252063419075,0,0,0.0212255277511029,0,0.0329199478370543,0.106136938227316,0,0,0,0,0,0.0234651606735994,0
"B_248","Staghorn sculpin",0,0,0,0,0,0,0,0,0.232304637100855,0,0.0155755003891146,0,0,0.0112358544652284,0.0171713501253836,0,0,0,0,0,0,0,0,0,0,0,0.112671512440899,0.0595931950930033,0,0.0285716090443687,0,0.0369571314454267,0,0,0.0148654104220039,0,0,0,0,0,0.0228493094789127,0,0,0.0152466417449642,0.0492787615656954,0,0,0,0,0,0,0,0,0.0331116936155516,0.0225263694945708,0.126111271898606,0,0,0,0,0,0,0,0.0115632707469045,0,0,0.0131205994577811,0,0.0370973390252604,0.121885224453734,0,0,0,0,0,0.0182633179917361,0
"B_250","Dock shrimp",0,0,0,0.019503196927777,0,0,0.0278690572074215,0,0.241479004991483,0,0.0218193726308509,0,0,0.0285610172539921,0.012447556212392,0,0,0,0,0,0,0,0.0124098195154731,0,0.0456188183319591,0,0.0704528754585163,0.0420278441828267,0,0.0416868028547757,0,0.0463123703388983,0,0,0.0300128489292203,0,0,0,0,0,0.015579720147116,0,0,0.0145108092119076,0.0262016415354617,0,0,0,0,0,0,0,0,0.0138172572049684,0.0116985569494334,0.127499147125323,0,0,0,0,0.0119442796504156,0,0,0,0,0,0.0270357925876806,0,0,0.076974847641252,0,0,0,0,0,0.0345373631108555,0
"B_251","Dock shrimp",0,0,0,0.0135328528507213,0,0,0.0227948578183495,0,0.276875070053963,0,0.0176522022060161,0,0,0.027199233174826,0.0169689071700247,0,0,0,0,0,0,0,0.0112704184115681,0,0.0365427426576887,0,0.0696291183443022,0.0527994092629472,0,0.0430557405401794,0,0.052055627663902,0,0,0.0266785239890584,0,0,0,0,0,0.0109299840102755,0,0,0.0114684667663435,0.0212284138225451,0,0,0,0,0,0,0,0,0.0117044884951256,0.0117571039056179,0.132366774606782,0,0,0,0,0,0,0,0,0,0,0.0191120329920347,0,0,0.0866334033828295,0,0,0,0,0,0.0277446278748997,0
"B_254","Snake prickleback",0.0161229642763406,0,0,0,0,0,0.0153025091114299,0,0.247047730712161,0,0.0404528133765422,0,0.0157829901156773,0,0,0,0,0.0133098057521096,0,0,0,0,0.0113406445085443,0.0241173772025265,0,0,0.0811171998047477,0.0142043105288833,0.028109534828447,0,0.0392052342365933,0,0,0,0.0201473273636189,0,0,0,0,0,0.0153348101947038,0,0,0.10389019023942,0,0,0,0,0,0,0,0,0.0163912028755117,0,0.0285742190921472,0.12665363760686,0,0,0,0,0,0,0,0,0,0,0,0,0.0203008196634154,0.098813641835644,0,0,0,0,0,0.0237810366746767,0
"B_255","Snake prickleback",0,0,0,0.0195764788582699,0,0,0.0117180574239697,0,0.190040625956377,0,0.0268710167417691,0.014377829600764,0,0.0150247584750164,0.0149868486551521,0,0,0,0,0,0,0,0,0.0331441912208143,0.0410833361522173,0,0.0626189560708453,0.0535738611992193,0,0.023818675770361,0,0.0369071111336177,0,0,0.0111121007784723,0,0,0,0,0,0,0,0,0.0392097423833588,0.0774934163212783,0,0,0,0,0,0,0,0,0.0120295824695706,0.0225965944812189,0.0945703890680409,0,0,0,0,0.021528594392349,0,0,0,0,0,0.049251701388312,0,0.0131974210914305,0.0879407541972516,0,0,0,0,0,0.0273279561703236,0
"B_256","Snake prickleback",0,0,0,0.0229642683965513,0,0,0.012789709281345,0,0.195057212565837,0,0.0300928113020338,0.0165218887854081,0,0.0164327971989735,0.0204065940582397,0,0,0,0,0,0,0,0,0.0249283974000335,0.0286462484801636,0,0.058293459984441,0.0784539375218296,0,0.0253973442195307,0,0.0335466505312805,0,0,0.0118828639386239,0,0,0,0,0,0.0106996441727435,0,0,0.0368810389392248,0.0782575144882254,0,0,0,0,0,0,0,0,0.0139742058374769,0.0233561011381633,0.102944679596782,0,0,0,0,0.0173072161226101,0,0,0,0,0,0.0177557342980842,0,0.0160359586289153,0.0765692329785924,0,0,0,0,0,0.0308044901348903,0
"B_259","Shiner perch",0,0,0,0,0,0,0.0237856924574288,0,0.25351775478314,0,0.0641854949101166,0,0.0349493373449461,0,0,0.0128971255427699,0,0,0,0,0,0,0,0,0,0.0211597857141643,0.0876418056928354,0,0.0285601439464586,0,0.0753835382204589,0,0,0,0.0170792983354861,0,0,0,0,0,0.0575890721666584,0,0,0.0579408901324222,0,0,0,0,0,0,0,0,0.0319957338369955,0,0.0114901308510607,0.0762723975508877,0,0,0.0115426329391638,0,0,0.0187561849782919,0,0,0,0,0,0,0.0146800812832689,0.0814135467305674,0,0,0,0,0,0.0191593525828784,0
"B_260","Shiner perch",0,0,0,0,0,0,0,0,0.335854019475386,0,0.0432650928529603,0,0.0108663678870597,0,0,0,0,0,0,0,0,0,0,0,0,0.0137240016153881,0.128087989856287,0,0.0231777678857429,0,0.0372076218822485,0,0,0,0.0126702236086886,0,0,0,0,0,0.0139929914760003,0,0,0.0253462429431445,0,0,0,0,0,0,0,0,0.0155387882462767,0,0.0215734385467797,0.112853818137839,0,0,0,0,0,0,0,0,0,0,0,0,0.012745589351479,0.180881042792549,0,0,0,0,0,0.012215003442171,0
"B_262","Staghorn sculpin",0,0,0,0,0,0,0,0,0.271996240352515,0,0.0490579149220647,0,0.011143686213798,0,0,0,0,0,0,0,0,0,0,0,0,0.0204713995657726,0.117010697350965,0,0.0296527319277171,0,0.0485400708258392,0,0,0,0.013364781013211,0,0,0,0,0,0.0130590056648253,0,0,0.0379419370929118,0,0,0,0,0,0,0,0,0.0231415461226889,0,0.0246562194069423,0.131958348942476,0,0,0,0,0,0,0,0,0,0,0,0,0.0354311072798283,0.151944554254621,0,0,0,0,0,0.020629759063824,0
"B_265","Staghorn sculpin",0.0115204749288907,0,0,0,0,0,0.0123017835516004,0,0.255216744252193,0,0.0492295493599046,0,0.0125682062731538,0,0,0,0,0,0,0,0,0,0,0,0,0.026994562508757,0.103450114835962,0,0.0263713024250683,0,0.054539975701151,0,0,0,0.0139983433350769,0,0,0,0,0,0.0260200174404061,0,0,0.0529481113645148,0,0,0,0,0,0,0,0,0.0326775008250879,0,0.0158984902925705,0.109976191953778,0,0,0,0,0,0,0,0,0,0,0,0,0.0242515052426782,0.148675074778871,0,0,0,0,0,0.0233620509303363,0
"B_266","Limpet",0,0,0,0,0,0,0.0382672185208433,0,0.13185331945949,0,0.0313513776974478,0,0.0349336107839249,0,0,0.0239345776040772,0,0,0,0,0,0,0,0,0,0,0.0408121423300617,0,0.0428195303090738,0,0.0181267421270284,0,0,0,0.0332717538664947,0,0,0,0.0140913670123621,0,0.0715257181061945,0,0,0.211078966842351,0,0,0,0.032543898384449,0,0,0,0,0.070599895892631,0,0.0135108820555261,0.0648112897989314,0,0,0.0166053510262668,0,0,0.0940863342616246,0,0,0,0,0,0,0,0,0,0,0,0.0157760239212215,0,0,0
"B_267","Dock shrimp",0.0195177425723128,0,0,0,0,0,0.0260677053004735,0,0.27626189624997,0,0.0272752763736306,0,0.0285718169707186,0,0,0,0,0,0,0,0,0,0.0117716114785091,0,0,0.0507794217244708,0.0782707205658989,0,0.0470520754753732,0,0.0543385476034633,0,0,0,0.0293872322950647,0,0,0,0,0,0.0146663977629592,0,0,0.0483444973008858,0,0,0,0,0,0,0,0,0.0155985183784457,0,0.0112009282858971,0.140551538006117,0,0,0,0,0,0,0,0,0,0,0,0,0,0.0795325660920811,0,0,0,0,0,0.0408115075637284,0
"B_268","Dock shrimp",0.0125809219885408,0,0,0,0,0,0.0296930413308822,0,0.304455204227161,0,0.0320398623591827,0,0.0259655567690039,0,0,0,0,0,0,0,0,0,0.0117080013595984,0,0,0.0288466267319028,0.0911163198706201,0,0.0455193429976605,0,0.0615370723984051,0,0,0,0.0314922545548506,0,0,0,0,0,0.0127512634558592,0,0,0.0448875594943403,0,0,0,0,0,0,0,0,0,0,0.0123185292286671,0.142710645928874,0,0,0,0,0,0,0,0,0,0,0,0,0,0.0840168956887159,0,0,0,0,0,0.0283609016157352,0
"B_270","Shiner perch",0,0,0,0,0,0,0.0138155257418238,0,0.335257556592775,0,0.0452819766973127,0,0.0122260749584135,0,0,0,0,0,0,0,0,0,0,0,0,0,0.127061477939987,0,0.0255792062319004,0,0.0395402078198761,0,0,0,0.0110875229995532,0,0,0,0,0,0.0249150530419686,0,0,0.0202263817801981,0,0,0,0,0,0,0,0,0.016081947866645,0,0.0155677467027467,0.097000445735958,0,0,0,0,0,0,0,0,0,0,0,0,0,0.205133125404605,0,0,0,0,0,0.0112257504862378,0
"B_271","Shiner perch",0,0,0,0,0,0,0.037158145917779,0,0.255770906831663,0,0.0675991534118213,0,0.053992798312892,0,0,0.0190478484862056,0,0,0,0,0,0,0,0,0,0.0200138085724655,0.0639002396637955,0,0.0301812684647561,0,0.0939491784255038,0,0,0,0.0240893986105829,0,0,0,0,0,0.0476665575621703,0,0,0.140287292079201,0,0,0,0,0,0,0,0,0.0210831881360337,0,0,0.0648082395425258,0,0,0,0,0,0,0,0,0,0,0,0,0,0.0421178038157864,0,0,0,0,0,0.0183341721668182,0
"B_273","Snake prickleback",0.0260815421902365,0,0,0,0,0,0.0125244943101121,0,0.220241124197853,0,0.065082713240541,0,0.01718886181442,0,0,0,0,0,0,0,0,0,0,0,0,0.0322060624720746,0.0767462677974632,0,0.0292643051899113,0,0.02916487565188,0,0,0,0,0,0,0,0,0,0.0130531149721494,0,0,0.188652986293103,0,0,0,0,0,0,0,0,0.0109662429411226,0,0.0192742724139167,0.104119532781384,0,0,0,0,0,0,0,0,0,0,0,0,0,0.0947046255064741,0,0,0,0,0.0138179656022339,0.0469110126251243,0
"B_274","Snake prickleback",0,0,0,0,0,0,0.0185089937691066,0,0.297501132064176,0,0.0568433781664345,0,0.021716459986392,0,0,0.0109156526019573,0,0,0,0,0,0,0,0,0,0.0121814170053109,0.0909839150203659,0,0.0284362209504508,0,0.034895489089904,0,0,0,0.0138820801354121,0,0,0,0,0,0.0593165445508165,0,0,0.0284607500844716,0,0,0,0,0,0,0,0,0.0164270717714238,0,0.0130357780210172,0.110788559264162,0,0,0,0,0,0,0,0,0,0,0,0,0,0.162925821008794,0,0,0,0,0,0.0231807365098045,0
"B_276","Staghorn sculpin",0.0256076854162251,0,0,0,0,0,0,0,0.286490921747834,0,0.0574766999950975,0,0.0113777933805543,0,0,0,0,0,0,0,0,0,0,0,0,0,0.119954746760228,0,0.0275431034237992,0,0.0513844347960453,0,0,0,0,0,0,0,0,0,0,0,0,0.0688716868558084,0,0,0,0,0,0,0,0,0.0124210748278554,0,0.0181628454130729,0.116740291567352,0,0,0,0,0,0,0,0,0,0,0,0,0.0222501299921743,0.129443560303466,0,0,0,0,0,0.0522750255204877,0
"B_277","Staghorn sculpin",0,0,0,0,0,0,0,0,0.412524900403606,0,0.0425264645425979,0,0,0,0,0,0,0,0,0,0,0,0,0,0,0,0.14352050724046,0,0.0358980340088506,0,0.0666595211896979,0,0,0,0,0,0,0,0,0,0.018076403491058,0,0,0.0246636944545321,0,0,0,0,0,0,0,0,0.0143511840782763,0,0.0134482540429025,0.0910526237752886,0,0,0,0,0,0,0,0,0,0,0,0,0.0137971572765772,0.106414442119235,0,0,0,0,0,0.0170668133769176,0
"B_278","Eelgrass diatoms",0,0,0,0,0,0,0.111493884096578,0,0.217280959545551,0,0.029676537189113,0,0.066362482674319,0,0,0.104629059962813,0,0,0.0662746026131541,0,0.1276923600918,0,0,0,0,0,0.0170564128996235,0,0,0,0,0,0,0,0,0,0,0.0275474290869501,0,0,0.133658915250146,0,0,0,0,0,0,0,0,0,0,0,0.015370146950532,0,0,0.0697612603188806,0,0,0,0,0,0,0,0,0,0,0,0,0,0,0,0,0,0,0,0.0131959493205402,0
"B_280","Eelgrass diatoms",0,0,0,0,0,0,0.0913605739449661,0,0.17135053826274,0,0.0270151678789241,0,0.0534106849866,0,0,0.119138555769846,0,0,0.0714303115589938,0,0.155322134458801,0,0,0,0,0,0.018175527878407,0,0,0,0,0,0.0112477699432612,0,0,0,0,0.0206731602696223,0,0,0.123435092708132,0,0,0,0,0,0,0,0,0,0,0,0.018325437589262,0,0,0.0696753373876221,0,0,0,0,0,0,0,0,0,0,0,0,0,0.0118471331733042,0,0,0,0.0114804355664396,0.0123168023345556,0.0137953362885239,0
"B_281","Eelgrass diatoms",0,0,0,0,0,0,0.105744021441473,0,0.200721443760264,0,0.0293943369469372,0,0.0617879153390498,0,0,0.112946893001592,0,0,0.0699326470790446,0,0.136185918332283,0,0,0,0,0,0.0158202178242153,0,0,0,0,0,0,0,0,0,0,0.0275979882480495,0,0,0.129134730980722,0,0,0,0,0,0,0,0,0,0,0,0.0155562663827185,0,0,0.0705137951083716,0,0,0,0,0,0,0,0,0,0,0,0,0,0,0,0,0,0,0.0112503053721032,0.013413520183176,0
"B_284","Shiner perch",0,0,0,0,0,0,0.0189396295742551,0,0.214295155153216,0,0.0825762777008252,0,0.0194022510939184,0,0,0,0,0,0,0,0,0,0,0,0,0.0162218113241869,0.0996969242522806,0,0.0263301856387436,0,0.0443734895834205,0,0,0,0.0207864653289953,0,0.0108133431202573,0,0,0,0.06478419969462,0,0,0.0690739006555221,0,0,0,0,0,0,0,0,0.0406136559530167,0,0.0158533947784246,0.0880933620532707,0,0,0,0,0,0.0196998285412439,0,0,0,0,0,0,0.0222150157899324,0.103594595634608,0,0,0,0,0,0.0226365141292631,0
"B_285","Shiner perch",0,0,0,0,0,0,0.0174610223025733,0,0.2203467706954,0,0.0777666566814769,0,0.0171850731598385,0,0,0,0,0,0,0,0,0,0,0,0,0.0156344464868552,0.106207275595711,0,0.0239793808211443,0,0.0408880288997473,0,0,0,0.0186961017495594,0,0,0,0,0,0.0768805924558607,0,0,0.0477396014814633,0,0,0,0.0141416939355631,0,0,0,0,0.0476757686097427,0,0.0164177841464695,0.0820478377209628,0,0,0,0,0,0,0,0,0,0,0,0,0.0206685622345275,0.135710760369819,0,0,0,0,0,0.0205526426532848,0
"B_287","Staghorn sculpin",0,0,0,0,0,0,0.017073025263936,0,0.343202914027261,0,0,0,0,0,0,0,0,0,0,0,0,0,0,0,0,0,0.136378375756198,0,0.0151916420880596,0,0.051991277752431,0,0,0,0,0,0,0,0,0,0,0,0,0,0,0,0,0,0,0,0,0,0,0.0140915051733715,0.017272316110659,0.138591425450708,0,0,0,0,0,0,0,0,0,0,0,0,0.0393095661061105,0.226897952271265,0,0,0,0,0,0,0
"B_288","Staghorn sculpin",0.0141586226414183,0,0,0,0,0,0.0140524556621011,0,0.213122876430442,0,0.0674998763061476,0,0,0,0,0,0,0,0,0,0,0,0,0,0,0.0135059704575662,0.109722346611099,0,0.0216091259055255,0,0.0478352153073945,0,0,0,0.0193756699674834,0,0.013823907199463,0,0,0,0.045067122281964,0,0,0.0448145341613475,0,0,0,0,0,0,0,0,0.079531013746735,0,0.0187463460639758,0.091550818205704,0,0,0,0,0,0,0,0,0,0,0,0,0.029763917557612,0.128406017852488,0,0,0,0,0,0.0274141636415333,0
"B_291","Snake prickleback",0,0,0,0,0,0,0.0212352266855281,0,0.239331031423243,0,0.0263796144671373,0,0.0322521821610707,0,0,0,0,0.0479918169772703,0,0,0,0,0,0.0127032074073106,0,0,0.069538512044642,0,0.0361287579248091,0,0.0232283265682239,0,0,0,0.0237568867522799,0,0,0,0,0,0.0882684212986943,0,0,0.0664370563487904,0,0,0,0,0,0,0,0,0.0267963944484462,0,0.0130942841025621,0.126641476533653,0,0,0,0,0,0,0,0,0,0,0,0,0.016202978473515,0.1154631482302,0,0,0,0,0,0.0145506781526244,0
"B_292","Snake prickleback",0.0149825076888017,0,0,0,0,0,0.0194363811176296,0,0.249418126986233,0,0.0376978844384433,0,0.0184499717272762,0,0,0,0,0,0,0,0,0,0,0.0308134762052685,0,0,0.0743670489121405,0.0239787504703911,0.0255647977334536,0,0.0518521261022586,0,0,0,0.0280844031105907,0,0,0,0,0,0.0528761503649184,0,0,0.0780088285766637,0,0,0,0,0,0,0,0,0.0292236362597518,0,0.0146085097943151,0.107781812724893,0,0,0,0,0,0,0,0,0,0,0,0,0,0.1175376756209,0,0,0,0,0,0.0253179121660716,0
"B_293","Dock shrimp",0.0115091919529242,0,0,0,0,0,0.0248781321398562,0,0.312244366202513,0,0.0168670365370998,0,0.0268540867349312,0,0,0,0,0,0,0,0,0,0,0,0,0,0.0705313934482063,0.0246621745445905,0.0526817264668087,0,0.0657944854150174,0,0,0,0.0340952354711647,0,0,0,0,0,0.0212759688051613,0,0,0.0444282897901763,0,0,0,0,0,0,0,0,0.019851749936837,0,0,0.157874080096754,0,0,0,0,0,0,0,0,0,0,0,0,0,0.0935809655596321,0,0,0,0,0,0.0228711168983268,0
"B_294","Dock shrimp",0,0,0,0,0,0,0.0324769524564997,0,0.325659074828299,0,0.0171248072826349,0,0.0266692479059728,0,0,0,0,0,0,0,0,0,0,0,0,0,0.0800091278728923,0.0208606835015983,0.0521754910530949,0,0.0604306961783607,0,0,0,0.0346803593987751,0,0,0,0,0,0.0193760724317392,0,0,0.0358499284077298,0,0,0,0,0,0,0,0,0.0141598634401091,0,0,0.167261454836638,0,0,0,0,0,0,0,0,0,0,0,0,0,0.100831705168615,0,0,0,0,0,0.0124345352370414,0
"B_295","Dock shrimp",0,0,0,0,0,0,0.0292047426692519,0,0.314649255644322,0,0.0173357545883529,0,0.0289078932865514,0,0,0,0,0,0,0,0,0,0,0,0,0,0.0703503507365905,0.022956184563014,0.053039204176794,0,0.0610924822866489,0,0,0,0.040245413572043,0,0,0,0,0,0.0325166114582812,0,0,0.0382286270467782,0,0,0,0,0,0,0,0,0.0167126355577001,0,0,0.162193922333168,0,0,0,0,0,0,0,0,0,0,0,0,0,0.0937495454350281,0,0,0,0,0,0.018817376645476,0
"B_296","Red rock crab",0.0306615243656602,0,0,0,0,0,0,0,0.215267312459126,0,0,0,0.0333716628331402,0,0,0,0,0,0,0,0,0,0,0,0,0,0.0866537954633563,0.0235169157484571,0.0349551386193359,0,0.0560087826925831,0,0,0,0.01765018004672,0,0,0,0,0,0,0,0,0.117503819517014,0,0,0,0,0,0,0,0,0,0,0.0328003754865818,0.195362700127275,0,0,0,0,0,0,0,0,0,0,0,0,0,0.0836848907860619,0,0,0,0,0,0.055323343956792,0.0172395578978959
"B_299","Red rock crab",0.0454893480943653,0.0301811797063994,0,0,0,0,0,0,0.196947287386304,0,0.022751575666267,0,0.0353749920387272,0,0,0,0,0,0,0,0,0,0,0,0,0,0.0685996526111089,0.0196400328525945,0.0251402903872874,0,0.042865157231532,0,0,0,0.0154973082575986,0,0,0,0,0,0,0,0,0.0935435686341607,0,0,0,0,0,0,0,0,0,0,0.0223009731726743,0.169141241079768,0,0,0,0,0,0,0,0,0,0,0,0,0,0.0809429209471684,0,0,0,0,0.0124182762862366,0.0889850159414086,0.0301811797063994
"B_301","Red rock crab",0.0355579448198466,0.0395726266096548,0,0,0,0,0,0,0.225532833340553,0,0,0,0.0431914939965562,0,0,0,0,0,0,0,0,0,0,0,0,0,0.0716825191904133,0.0185741817736582,0.0337580759734298,0,0.0520074535698037,0,0,0,0.0199013168190323,0,0,0,0,0,0,0,0,0.041237060226737,0,0,0,0,0,0,0,0,0,0,0.0154113472637902,0.212234465949771,0,0,0,0,0,0,0,0,0,0,0,0,0,0.0927402310236064,0,0,0,0,0,0.0590258228334933,0.0395726266096548
"B_302","Dungeness crab",0.0427903742989868,0.0116059132340178,0,0,0,0,0,0,0.198375946668264,0,0.0132861306635592,0,0.0233037473682515,0,0,0,0,0,0,0,0,0,0.0162807439931214,0,0,0,0.112621597662245,0.0198756740257907,0.0355007172749139,0,0.0470504412480005,0,0,0,0.01985423504222,0,0,0,0,0,0,0,0,0.068984106717825,0,0,0,0,0,0,0,0,0,0,0.0246628078173781,0.182122026567732,0,0,0,0,0,0,0,0,0,0,0,0,0.0138213000327876,0.0787598302898113,0,0,0,0,0.0110460085116791,0.0656913355052466,0.01436706307817
"B_304","Red rock crab",0.0367248219390289,0,0,0,0,0,0,0,0.214439172999711,0,0,0,0.033824304063936,0,0,0,0,0,0,0,0,0,0.0118475123706877,0,0,0,0.0923869218934946,0.0220103466271205,0.0417056232509338,0,0.0434413440529182,0,0,0,0.0253830338563649,0,0,0,0,0,0,0,0,0.0937661521389029,0,0,0,0,0,0,0,0,0,0,0.0188169945991987,0.211190369606617,0,0,0,0,0,0,0,0,0,0,0,0,0,0.0747825095323566,0,0,0,0,0,0.0638658404184658,0.015815052650263
"B_305","Red rock crab",0.0356009085468176,0,0,0,0,0,0,0,0.219785805884783,0,0,0,0.0416419141550364,0,0,0,0,0,0,0,0,0,0,0,0,0,0.0881776330584786,0.0154669367757356,0.0282541112656247,0,0.051933757946385,0,0,0,0.0199199065513732,0,0,0,0,0,0.0123142698212845,0,0,0.0410891744455466,0,0,0,0,0,0,0,0,0,0,0.0227751887494327,0.223337925569875,0,0,0,0,0,0,0,0,0,0,0,0,0,0.0874602277953666,0,0,0,0,0,0.0588961814212296,0.0533460580130313
"B_307","Dungeness crab",0.0644556231837121,0,0,0,0,0,0,0.0217899106906612,0.197097343659279,0,0.0148050383445222,0,0.0309224887410123,0,0,0,0,0,0,0,0,0,0.0201941580547247,0,0,0.0175370913542321,0.0597545350842194,0.0155929253336336,0.0216168886910315,0,0.0362391810782322,0,0,0,0.0156797585698632,0,0,0,0,0,0,0,0,0.113124637993451,0,0,0,0,0,0,0,0,0,0,0.0259073528227351,0.158863424398418,0,0,0,0,0,0,0,0,0,0,0,0,0.0118893863987459,0.0668394713146755,0,0,0,0,0.0190251412073141,0.0778353719556928,0.0108302711238433
"B_308","Shiner perch",0,0,0,0,0,0,0.0260887949176328,0,0.25937883264888,0,0.0418615874449958,0,0.0212426183402038,0,0,0,0,0.0106960585066136,0,0,0,0,0,0.0184903818439108,0,0,0.0903769130700801,0.0202394027380567,0.0255162151041551,0,0.0621305210424202,0,0,0,0.044066033794161,0,0,0,0,0,0.0652911253505057,0,0,0.0506787580495949,0,0,0,0,0,0.0112280203632052,0,0,0.0286745373874695,0,0.0120195078314453,0.0733626261257637,0,0,0,0,0,0,0,0,0,0,0,0,0.012804128384963,0.112830307064564,0,0,0,0,0,0.0130236299913782,0
"B_310","Shiner perch",0,0,0,0,0,0,0,0,0.270057819479432,0,0.0315883796277614,0,0.0123232593047385,0,0,0,0,0,0,0,0,0,0,0.0145544415747126,0,0,0.116400746698981,0.0353058195012693,0.0289427836258016,0,0.0483622764761321,0,0,0,0.0261289510212571,0,0,0,0,0,0.0246456386357872,0,0,0.0358693977530105,0,0,0,0,0,0,0,0,0.0377244361671844,0,0.0176559537412557,0.102564776704072,0,0,0,0,0,0,0,0,0,0,0,0,0.0190605354194528,0.162956957990577,0,0,0,0,0,0.0158578262785753,0
"B_315","Snake prickleback",0.0118968425734989,0,0,0,0,0,0.0190552593254376,0,0.227326217721375,0,0.0463053973831423,0,0.0276243678262314,0,0,0,0,0,0,0,0,0,0,0.0114364913775719,0,0,0.0802282914104479,0.012862220621282,0.0346221110636012,0,0.0502375963898787,0,0,0,0.0483509864609862,0,0,0,0,0,0.0243133259023046,0,0,0.097288157239459,0,0,0,0,0,0.0129266462264399,0,0,0.0374338049079365,0,0.0133048868760767,0.119979895822459,0,0,0,0,0,0,0,0,0.0225971320902814,0,0,0,0.0305271338225055,0.0507250309612223,0,0,0,0,0,0.020958203997861,0
"B_317","Snake prickleback",0.0173076770311486,0,0,0,0,0,0.0138446290141147,0,0.222941871907098,0,0.0375023638870505,0,0.0190322610289966,0,0,0,0,0,0,0,0,0,0,0.0249516055403161,0,0,0.086404569289179,0.0148390062036253,0.0341048046489972,0,0.0349801805583095,0,0,0,0.0259517285740713,0,0,0,0,0,0.0350452712818153,0,0,0.102435543958642,0,0,0,0,0,0.0123843192379986,0,0,0.0213380406335375,0,0.0178966433729795,0.118227529582401,0,0,0,0,0,0,0,0,0,0,0,0,0.0187013038618598,0.114183805161468,0,0,0,0,0,0.0279268452263915,0
"B_318","Eelgrass diatoms",0,0,0,0,0,0,0.110550838940736,0,0.176563181459544,0,0.0229679236842094,0,0.0668737857718081,0,0,0.0141274300255603,0,0.113791458403849,0.0582054389423384,0,0.194531900063896,0,0,0,0,0,0,0,0,0,0,0,0,0,0,0,0,0.0160203471192286,0,0,0.117324307552204,0,0,0,0,0,0,0,0,0,0,0,0.0126762090987992,0,0,0.096367178937826,0,0,0,0,0,0,0,0,0,0,0,0,0,0,0,0,0,0,0,0,0
"B_319","Eelgrass diatoms",0,0,0,0,0,0,0.104326844358042,0,0.17081717136876,0,0.0201562456677187,0,0.0669587696326864,0,0,0.0144037634238677,0,0.120556512801531,0.0613438592483672,0,0.198872599923301,0,0,0,0,0,0.0111250301940394,0,0,0,0,0,0,0,0,0,0,0.0136939852788868,0,0,0.11135894913675,0,0,0,0,0,0,0,0,0,0,0,0.0126805152857432,0,0,0.0937057536803068,0,0,0,0,0,0,0,0,0,0,0,0,0,0,0,0,0,0,0,0,0
"B_320","Dock shrimp",0.017210156846616,0,0,0,0,0,0.0231248764988367,0,0.308284998912136,0,0.0151495499925497,0,0.0277127456972777,0,0,0,0,0,0,0,0,0,0.010911705696825,0,0,0,0.0757677431437646,0.0199344884924376,0.0502886640327888,0,0.0559304689976438,0,0,0,0.0306433554904082,0,0,0,0,0,0.0191561524021829,0,0,0.0335608066194515,0,0,0,0,0,0,0,0,0.0146126409938098,0,0,0.152738760686838,0,0,0,0,0,0,0,0,0,0,0,0,0,0.0919220780748142,0,0,0,0.0204561973480077,0,0.032594610073612,0
"B_321","Dock shrimp",0.0132443686202663,0,0,0,0,0,0.0239821696518311,0,0.295814082837525,0,0.0155475778811255,0,0.0241861812016903,0,0,0,0,0,0,0,0,0,0.0108603317298624,0,0,0,0.0732926448215128,0.0218620172661362,0.0507076998734314,0,0.0544609073009714,0,0,0,0.0333105926121243,0,0,0,0,0,0.0192363054195923,0,0,0.045064686771362,0,0,0,0,0,0,0,0,0.01429614201748,0,0.0111663834347572,0.144048140949909,0,0,0,0,0,0,0,0,0,0,0,0,0,0.0949743900010825,0,0,0,0.0257360020065605,0,0.02820937560278,0
"B_322","Dock shrimp",0,0,0,0,0,0,0.0334314009015504,0,0.297251654804713,0,0.0219362366550177,0,0.0331783203642098,0,0,0,0,0,0,0,0,0,0,0,0,0,0.0817659348854329,0.0200832676007938,0.0507854844677406,0,0.0586727690540233,0,0,0,0.0305946371185335,0,0,0,0,0,0.0227323961054234,0,0,0.0458709431531865,0,0,0,0,0,0,0,0,0.0156996938135899,0,0,0.155694489930541,0,0,0,0,0,0,0,0,0,0,0,0,0,0.0831954614406037,0,0,0,0.032075144581947,0,0.017032165122693,0
"B_325","Shiner perch",0,0,0,0,0,0,0,0,0.322077334786091,0,0.0253730863335682,0,0.01239397963919,0,0,0,0,0,0,0,0,0,0,0.0109842073643042,0,0,0.12252899393136,0.0135558818873016,0.0253069888861732,0,0.0452788302330203,0,0,0,0.0249137890975232,0,0,0,0,0,0.0207215957487476,0,0,0.0230921081266674,0,0,0,0,0,0,0,0,0.0186259773748419,0,0.0225858638586847,0.114318966155715,0,0,0,0,0,0,0,0,0,0,0,0,0.0128410066282513,0.174259343425155,0,0,0,0,0,0.0111420465234049,0
"B_326","Shiner perch",0,0,0,0,0,0,0,0,0.286045944023556,0,0.0283322298066771,0,0.0146559126512294,0,0,0,0,0,0,0,0,0,0,0.0121019931153124,0,0,0.115693864229802,0.0166908382932002,0.0294548521145642,0,0.0428342147348718,0,0,0,0.0268432073003172,0,0,0,0,0,0.0219327090198692,0,0,0.0456975333773219,0,0,0,0,0,0,0,0,0.0222320838621562,0,0.0198638609627688,0.10835410176027,0,0,0,0,0,0,0,0,0,0,0,0,0.022000477619982,0.171407505227625,0,0,0,0,0,0.0158586719004761,0
"B_330","Staghorn sculpin",0.0168029246931683,0,0,0,0,0,0,0,0.243012650362697,0,0.0317286840840167,0,0.0109991884204852,0,0,0,0,0,0,0,0,0,0,0.0387144624849762,0,0,0.108788235009471,0.0212417803286714,0.0274128367421357,0,0.0463667121031247,0,0,0,0.0178337584297857,0,0,0,0,0,0.0185895128415606,0,0,0.0387619898169918,0,0,0,0,0,0,0,0,0.0346618434434895,0,0.0140316540246839,0.0952003474219216,0,0,0,0,0,0,0,0,0,0,0,0,0.0232302877515,0.18174061521071,0,0,0,0,0,0.0308825168306113,0
"B_331","Staghorn sculpin",0.0229561072054976,0,0,0,0,0,0,0,0.216692102431951,0,0.0306931472648372,0,0.0138907396621861,0,0,0,0,0,0,0,0,0,0.0116510992998642,0.0366113282789132,0,0,0.102356831345859,0.0215649846769188,0.0283003768660875,0,0.0396528982019471,0,0,0,0.0175454905574987,0,0,0,0,0,0.0279664446807046,0,0,0.0543279233554844,0,0,0,0,0,0.0142360380645355,0,0,0.0303347479757808,0,0.014665030151699,0.0977035549859084,0,0,0,0,0,0,0,0,0,0,0,0,0.0202124709405647,0.161961735696665,0,0,0,0,0,0.0366769483570976,0
"B_333","Snake prickleback",0.0204321581766359,0,0,0,0,0,0.012674117848667,0,0.234149639570612,0,0.0385523626299835,0,0.0195213852818058,0,0,0,0,0,0,0,0,0,0.0120623532788985,0.0248730933108444,0,0,0.0893284291230645,0.0167593032440055,0.0338262385081229,0,0.0333109057747226,0,0,0,0.0184675268960193,0,0,0,0,0,0.0230589214053573,0,0,0.101032479478016,0,0,0,0,0,0,0,0,0.0214845703526934,0,0.0228585945762422,0.128854108755043,0,0,0,0,0,0,0,0,0,0,0,0,0.0219082026766164,0.0965504612748421,0,0,0,0,0,0.0302951478378075,0
"B_335","Snake prickleback",0.0274018425184138,0,0,0,0,0,0.0159013089183997,0,0.199390624017213,0,0.0379800133402594,0,0.0194960627375593,0,0,0,0,0.0118892445531505,0,0,0,0,0,0.0172507356364503,0,0,0.0764994554160842,0.015090637394776,0.0413060631033439,0,0.0269757241266684,0,0,0,0.0226519915523434,0,0,0,0,0,0.0295229660430608,0,0,0.141754063810458,0,0,0,0,0,0.0169037583284657,0,0,0.0306855369060649,0,0.0256280848831774,0.107108079105231,0,0,0,0,0,0,0,0,0.0150980593000125,0,0,0,0.0177618885969174,0.0691967281029444,0,0,0,0,0,0.0345071316090058,0
"B_339","Eelgrass diatoms",0,0,0,0,0,0,0.0954337218850876,0,0.227646041732827,0,0.0345109197124959,0,0.0961080618726118,0,0,0.0124088372611,0,0.101112188869986,0.066213984126656,0,0.11680577407225,0,0,0,0,0,0.0151346014265066,0,0,0,0,0,0,0,0,0,0,0,0,0,0.142211582021458,0,0,0,0,0,0,0,0,0,0,0,0.0168695103981403,0,0,0.0755447766208802,0,0,0,0,0,0,0,0,0,0,0,0,0,0,0,0,0,0,0,0,0
"B_340","Eelgrass diatoms",0,0,0,0,0,0,0.0919769077555158,0,0.201029345500102,0,0.0334486958071459,0,0.0870303225235348,0,0,0.0130721703027903,0,0.0979514924500223,0.0829492570871817,0,0.111947094492661,0,0,0,0,0,0.0143456158968331,0,0,0,0,0,0,0,0,0,0,0,0,0,0.158887274819375,0,0,0,0,0,0,0,0,0,0,0,0.0164311365412289,0,0,0.0760229679858188,0,0,0,0,0,0,0,0,0,0,0,0,0,0,0,0,0,0.01490771883779,0,0,0
"B_341","Eelgrass diatoms",0,0,0,0,0,0,0.077491861133537,0,0.166795885400629,0,0.0228636355213537,0,0.0674451923249256,0,0,0.0147076058239968,0,0.130026050650679,0.113568534110941,0,0.144486678039292,0,0,0,0,0,0.0146172330415854,0,0,0,0,0,0,0,0,0,0,0,0,0,0.137110355343755,0,0,0,0,0,0,0,0,0,0,0,0.0180549326780994,0,0,0.0785569031085301,0,0,0,0,0,0,0,0,0,0,0,0,0,0,0,0,0,0.0142751328226756,0,0,0
"B_342","Macoma sp.",0.0389593010940349,0,0.0139822614984166,0,0,0,0,0,0.103082124525659,0,0,0,0,0,0,0,0,0,0,0,0,0,0,0,0,0,0.0716852852058932,0,0,0,0.021557378118104,0,0,0,0,0,0,0,0,0,0.0113243411537537,0,0,0.554481517975897,0,0,0,0,0,0,0,0,0,0,0.0189675488979283,0.0282283782021731,0,0,0,0,0,0,0,0,0,0,0,0,0.011270516101688,0.0330030480218991,0,0,0,0,0.0182659938070812,0.0751923053974712,0
"B_343","Sugar kelp",0,0,0,0,0,0,0.0969274773213288,0,0.177684241391878,0,0,0,0,0,0,0,0,0.0250212367627023,0,0,0,0,0,0,0,0,0,0,0,0,0.046819900267644,0,0,0,0.0434510239436469,0,0.0166640775320323,0.0208600379598589,0,0,0.412332302140315,0,0,0,0,0,0,0,0,0,0,0,0.0198352997908526,0,0.0711192423026487,0.0692851605870928,0,0,0,0,0,0,0,0,0,0,0,0,0,0,0,0,0,0,0,0,0
"B_346","Macoma sp.",0.0389608097253149,0,0.0135122910520591,0,0,0,0,0.01158774307443,0.0905539643297614,0,0,0,0,0,0,0,0,0,0,0,0,0,0,0,0,0,0.0670101779830885,0,0,0,0.0188308313432266,0,0,0,0,0,0,0,0,0,0.0109802586122604,0,0,0.574766196962656,0,0,0,0,0,0,0,0,0,0,0.0193761457712465,0.0285413102979858,0,0,0,0,0,0,0,0,0,0,0,0,0,0.0270432387001704,0,0,0,0,0.0198309840871245,0.0790060480606762,0
"B_348","Helmet crab",0,0.11214673514165,0,0,0,0,0,0,0.256441223335947,0,0,0,0.0149950946665272,0,0,0,0,0,0,0,0,0,0,0,0,0,0.0729524690804172,0.0157296209579401,0.0358974518491362,0,0.0390282253633494,0,0,0,0.0403856187946915,0,0,0,0,0,0.0206586055767042,0,0,0.0273133998329189,0,0,0,0,0,0,0,0,0.0163053466981794,0,0.0228366830453087,0.224027756899042,0,0,0,0,0,0,0,0,0,0,0,0,0,0.0809527507489396,0,0,0,0,0,0.0203290180092482,0
"B_356","Butter clam",0.0360782934402452,0,0,0,0,0,0,0,0.182493687141717,0,0,0,0,0,0,0,0,0,0,0,0,0,0,0,0,0,0.0675218639347657,0,0,0,0,0,0,0,0.0146635980464458,0,0,0,0,0,0.0203488425008943,0,0,0.326402564298758,0,0,0,0,0,0.0238719067088568,0,0,0.0214339341624856,0,0,0.0414276126734337,0,0,0,0,0,0,0,0,0.0533180818753035,0,0,0,0.0115735630569945,0.0891488919379391,0,0,0,0,0.0223959981352517,0.0893211620869086,0
"B_357","Butter clam",0.0368843911907637,0,0,0,0,0,0,0,0.173112721545628,0,0,0,0,0,0,0,0,0,0,0,0,0,0,0,0,0,0.0654738680269682,0,0,0,0,0,0,0,0.0225419375104976,0,0,0,0,0,0.0308485651689668,0,0,0.319833526839746,0,0,0,0,0,0.023630682528428,0,0,0.0258977464366616,0,0,0.0488652585485469,0,0,0,0,0,0,0,0,0.0491345592503528,0,0,0,0.0121434717058827,0.0838133747979027,0,0,0,0,0.02236996251927,0.0854499339303854,0
"B_358","Butter clam",0.0354652492084114,0,0,0,0,0,0,0,0.173549774468642,0,0,0,0,0,0,0,0,0,0,0,0,0,0,0,0,0,0.0653834935274372,0,0,0,0,0,0,0,0.0139289162648725,0,0,0,0,0,0.0197773094679209,0,0,0.332263501418649,0,0,0,0,0,0.0263920912688238,0,0,0.0230770248631963,0,0,0.0400219020506025,0,0,0,0,0,0,0,0,0.0540588085040606,0,0,0,0.0128854986591856,0.0904151271343885,0,0,0,0,0.0235295310926581,0.0892517720711509,0
