SIN,N,C ,Size,Species,Weight,Dissectwt,Sex,Site,Season,SiteNumber,Tissue,Tray,PercentN,PercentC,CN
403900,10.11,-15.12,470,apc,731.97,,,Soda Bay,Spring,9,,3,5.519662083,23.37205354,4.234326882
403901,10.85,-15.18,460,apc,633.49,,,Soda Bay,Spring,9,,3,6.801701647,26.87886601,3.95178551
403902,9.17,-16.08,240,apc,131.77,,,Soda Bay,Spring,9,,3,4.516209107,21.18590087,4.691080588
403903,9.53,-13.49,80,apc,14.54,,,Soda Bay,Spring,8,,3,4.679432618,21.13326318,4.51620205
403904,9.08,-13.68,80,apc,13.93,,,Soda Bay,Spring,8,,3,4.020744602,18.61599876,4.629987877
403905,9.16,-15.25,220,apc,260.48,,,Soda Bay,Summer,9,,3,6.649071903,29.29698039,4.406175901
403906,10.13,-16.31,200,apc,227.94,,,Soda Bay,Summer,9,,3,7.225525002,30.59437199,4.234207477
403907,11.13,-15.8,270,apc,381.36,,,Soda Bay,Summer,9,,3,7.162219936,30.14920308,4.209477418
403908,10.3,-16.19,230,apc,291.61,,,Soda Bay,Summer,9,,3,7.570558601,32.64116047,4.311592076
403909,10.42,-15.35,230,apc,285.99,,,Soda Bay,Summer,9,,3,7.253535899,31.62503606,4.359947548
403925,10.81,-16.56,85,sag,177.06,51.82,,Craig,Spring,2,,1,10.80772435,48.76700954,4.512236614
403926,11.11,-16.4,81,sag,153.86,43.96,,Craig,Spring,2,,1,11.32226566,46.91124424,4.143273586
403927,11.27,-16.35,62,sag,56.73,22.77,,Craig,Spring,2,,1,12.4483284,49.59774486,3.984289558
403928,10.6,-16.53,60,sag,54.29,20.61,,Craig,Spring,2,,1,10.85100507,48.82452914,4.499539795
403929,9.52,-16.22,23,sag,3.4,1.57,,Craig,Spring,2,,1,10.57790536,46.45358557,4.391567518
403930,11.11,-16.41,64.5,sag,79.99,42.37,,Craig,Summer,2,,1,9.710537121,42.84968596,4.412699877
403931,11.02,-17.06,55.5,sag,61.37,23.51,,Craig,Summer,2,,1,10.6024791,46.64829719,4.399753752
403932,11.37,-16.12,67,sag,96,48.24,,Craig,Summer,2,,1,10.65442231,44.38745634,4.166106341
403933,10.79,-16.87,51,sag,39.88,18.73,,Craig,Summer,2,,1,11.15786153,47.33777373,4.242548952
403934,11.39,-15.97,73.5,sag,124.09,57.08,,Craig,Summer,2,,1,9.771929133,38.26444547,3.915751429
403935,11.37,-16.23,42,prs,24.08,7.22,,Craig,Spring,2,,1,10.14134043,45.18541688,4.455566518
403936,11.35,-16.34,45,prs,27.29,10.45,,Craig,Spring,2,,1,9.73555716,44.39616952,4.560208398
403937,10.47,-17.02,52,prs,34.57,8.43,,Craig,Spring,2,,1,9.529710949,49.00947295,5.142807921
403938,10.41,-16.95,39,prs,17.71,6.47,,Craig,Spring,2,,1,10.31720033,47.2591391,4.5806166
403939,11.35,-16.18,47.5,prs,31.61,9.98,,Craig,Spring,2,,1,11.1580647,45.86919806,4.110856077
403940,11.47,-16.68,53,prs,49.29,19.85,,Craig,Summer,2,,1,10.56045319,45.6677273,4.324409801
403941,11.65,-16.44,58,prs,62.42,22.28,,Craig,Summer,2,,1,9.911408729,43.16081819,4.354660308
403942,11.7,-16.67,55.5,prs,52.52,20.93,,Craig,Summer,2,,1,10.03447888,42.34907658,4.220356344
403943,11.64,-16.65,60,prs,84.15,31.6,,Craig,Summer,2,,1,10.09887231,43.8532237,4.342388175
403944,11.75,-16.6,54,prs,51.32,19.57,,Craig,Summer,2,,1,10.31845724,44.16368415,4.280066595
403945,9.78,-16.28,50,cln,42.32,16.04,,Craig,Spring,2,,1,10.97330397,47.15044746,4.296832345
403946,9.69,-16.34,42,cln,22.19,10.86,,Craig,Spring,2,,1,10.0902548,45.49055664,4.5083655
403947,10.07,-16.31,52,cln,47.14,22.27,,Craig,Spring,2,,1,11.31805604,47.4833222,4.19536023
403948,9.61,-16.3,54.5,cln,49.03,25.68,,Craig,Spring,2,,1,10.26098313,47.45524742,4.62482462
403949,9.8,-16.03,30,cln,9.99,3.96,,Craig,Spring,2,,1,10.59080183,46.55312906,4.395618933
403950,9.44,-16.42,44,cln,26.4,12.44,,Craig,Summer,2,,1,9.982323657,41.01039602,4.108301577
403951,9.49,-16.63,59,cln,56.31,27.31,,Craig,Summer,2,,1,10.21474295,41.61354565,4.073871058
403952,9.59,-16.71,59.5,cln,65.15,33.23,,Craig,Summer,2,,1,10.28181402,44.04841176,4.284108981
403953,9.64,-16.51,56.5,cln,46.08,19.41,,Craig,Summer,2,,1,11.28949559,45.76925965,4.054145669
403954,9.77,-16.34,46.5,cln,27.61,12.28,,Craig,Summer,2,,1,10.21998364,40.51923668,3.964706609
403955,12.46,-16.08,27,nul,2.88,0.68,,Craig,Spring,2,,3,11.0606255,43.45305302,3.928625287
403956,11.98,-16.21,29,nul,4.02,0.94,,Craig,Spring,2,,3,11.4234919,43.920063,3.84471433
403957,11.98,-16.17,30,nul,3.47,0.77,,Craig,Spring,2,,3,11.06034849,43.41742996,3.925502891
403958,12.02,-16.2,25,nul,2.51,0.54,,Craig,Spring,2,,3,11.07683563,43.79598751,3.953835643
403959,11.8,-16.22,27,nul,2.87,0.75,,Craig,Spring,2,,3,10.71997291,42.61925561,3.975686877
403960,11.64,-14.8,55,tec,44.08,12.18,m,Nossuk,Spring,4,,1,12.08098766,50.18836277,4.154326135
403961,11.15,-13.8,52,tec,41.61,16.4,m,Nossuk,Spring,4,,1,11.6773269,48.78163081,4.177465548
403962,11.2,-13.97,57,tec,40.98,16.29,m,Nossuk,Spring,4,,1,10.55857822,42.66386094,4.040682377
403963,12.21,-14.23,59,tec,50.67,14.1,m,Nossuk,Spring,4,,1,12.70285175,47.01492906,3.701131841
403964,12.29,-14.19,66,tec,84.92,37.95,m,Nossuk,Spring,4,,2,12.18326227,48.81637683,4.006839529
403965,12.51,-17.16,29.5,cao,7.01,2.13,f/gravid,Craig,Spring,5,,2,9.502193439,42.63905506,4.487285524
403966,12.83,-17.54,29,cao,7.61,1.26,f,Craig,Spring,5,,4,9.109000833,43.75370986,4.80334898
403967,12.26,-16.62,64,cef,23.67,3.49,,Craig,Spring,5,,2,11.88036293,47.27852942,3.97955262
403968,11.41,-17.6,67,cef,29.21,5.77,,Craig,Spring,5,,2,11.67147927,52.57055098,4.504189211
403969,12.14,-17.21,69,cef,29.23,5.72,,Craig,Spring,5,,2,11.06493603,49.08562062,4.436141381
403970,11.93,-16.85,53,cef,11.37,1.54,,Craig,Spring,5,,2,12.19562728,47.56959043,3.900544788
403971,11.96,-17.1,45,cef,8.03,1.27,,Craig,Spring,5,,2,12.08547645,48.01768701,3.973172857
403972,10.09,-13.91,24,tes,5.44,1,,Craig,Spring,5,,3,12.87260165,44.68975123,3.471695344
403973,9.72,-13.54,26,tes,7.53,2.68,,Craig,Spring,5,,2,12.7383463,51.05160211,4.007710335
403974,9.79,-13.93,23,tes,6.65,0.36,,Craig,Spring,5,,3,12.18427084,43.41857473,3.563493892
403975,10.26,-13.28,24,tes,4.57,1.35,,Craig,Spring,5,,2,12.23665481,48.46573187,3.960701075
403976,10.55,-13.65,21,tes,3.98,0.39,,Craig,Spring,5,,3,13.10933202,45.50733061,3.471369138
403977,13.03,-15.17,143,cap,310.54,149.95,m,Soda Bay,Spring,6,,2,10.52399481,40.7219266,3.869436212
403978,13.04,-13.98,160,cap,487.46,170.4,m,Soda Bay,Spring,6,,2,12.47591285,48.96284481,3.92459016
403979,12.74,-14.78,138,cap,295.31,113.94,m,Soda Bay,Spring,6,,2,11.55022989,46.29789871,4.008396296
403980,12.77,-14.82,135,cap,391.19,155.82,m,Soda Bay,Spring,6,,2,12.48644485,48.89842395,3.916120604
403981,12.11,-14.16,121.5,cap,225.62,90.43,m,Soda Bay,Spring,6,,2,11.28392793,49.43007436,4.380573383
403982,9.62,-14.2,43,cam,13.21,1.97,m,Soda Bay,Spring,6,,4,4.714390066,23.11928918,4.903983094
403983,10.4,-15.26,43.5,cam,13.31,1.23,f,Soda Bay,Spring,6,,4,7.259877711,31.31293235,4.313148733
403984,11.59,-15.45,47,cam,21.59,5.14,m,Soda Bay,Spring,6,,2,11.54571925,49.34120658,4.273549834
403985,9.85,-15.8,41,cam,11.49,3.02,m,Soda Bay,Spring,6,,4,4.234012034,20.29073571,4.792318855
403986,14.32,-14.2,185,cam,734.55,314.2,m,Soda Bay,Spring,6,,2,11.89271982,44.38262186,3.7319152
403987,12.52,-18.08,32.5,cao,10.11,3.2,f,Craig,Summer,5,,2,8.522492925,43.9128436,5.152581996
403988,13.33,-17.97,31.5,cao,11.23,2.29,m,Craig,Summer,5,,2,9.037877757,48.79141599,5.3985479
403989,9.29,-16.38,75,sag,93.56,47.63,,Nossuk,Spring,1,,2,10.57886384,42.02371616,3.972422444
403990,9.2,-18.17,51,prs,34.66,15.7,,Soda Bay,Spring,8,,2,10.21024053,47.31845124,4.634411019
403991,9.72,-18.17,68,prs,90.83,35.9,,Soda Bay,Spring,8,,2,10.01029352,47.38516137,4.733643551
403992,9.13,-18.28,56,prs,41.55,18.42,,Soda Bay,Spring,8,,2,9.915715444,47.82836907,4.82349149
403993,9.32,-18.7,45,prs,20.8,8.2,,Soda Bay,Spring,8,,2,10.15510217,48.27959941,4.754220942
403994,9.39,-17.87,65,prs,90.95,35.78,,Soda Bay,Spring,8,,2,11.4057142,46.6696183,4.091775181
403995,9.27,-18.24,65.5,sag,68.18,27.12,,Soda Bay,Spring,8,,2,10.28663876,48.67535992,4.73190136
403996,8.67,-18.14,45,sag,18.65,9.9,,Soda Bay,Spring,8,,2,9.948068549,49.11617871,4.937257767
403997,9.83,-17.63,86,sag,152.07,68.1,,Soda Bay,Spring,8,,2,10.03521852,43.45372874,4.330122822
403998,11.6,-14.47,160,cam,515.24,269.17,f,Soda Bay,Summer,15,,2,10.58048469,49.41927642,4.670795136
403999,12.93,-14.03,71,cam,44.49,16.65,f,Soda Bay,Summer,15,,2,9.751120241,40.46532747,4.149813198
404000,11.95,-12.55,89,cam,97.93,44.91,m,Soda Bay,Summer,15,,2,11.99058714,48.9422926,4.081726108
404001,10.89,-15.62,250,apc,382.36,,,Soda Bay,Winter,9,,2,5.493810813,24.72822523,4.501106075
404002,11.37,-15.14,350,apc,768.45,,,Soda Bay,Winter,9,,2,6.809286944,28.57359612,4.196268472
404003,11.76,-15.51,250,apc,326.72,,,Soda Bay,Winter,9,,2,6.564202686,28.75437843,4.380483024
404004,11.49,-15.64,250,apc,287.5,,,Soda Bay,Winter,9,,2,7.795723103,33.03010636,4.236952227
404005,8.57,-18.04,37,sag,11.3,4.79,,Soda Bay,Spring,8,,3,9.829162541,43.27814203,4.403034526
404006,7.85,-16.81,25,cln,3.99,1.86,,Nossuk,Spring,1,,3,11.51668827,41.96023208,3.643428656
404007,7.64,-17.6,27,cln,5.47,2.64,,Nossuk,Spring,1,,3,9.566183505,38.94879437,4.071508177
404008,7.92,-17.68,30,cln,7.54,3.75,,Nossuk,Spring,1,,3,10.94146346,43.27186813,3.954851952
404009,8.14,-16.85,36,cln,13.34,6.75,,Nossuk,Spring,1,,3,12.13059593,45.43531366,3.745513733
404010,8.93,-17.46,32,prs,8.46,3.46,,Nossuk,Spring,1,,3,10.28697103,43.22578565,4.201993523
404011,9.07,-17.77,31,prs,7.4,3.18,,Nossuk,Spring,1,,3,9.988265261,43.19356948,4.324431556
404012,8.63,-17.93,31,prs,7.94,3.13,,Nossuk,Spring,1,,3,9.76040963,43.11827502,4.417670636
404013,9.26,-17.24,32,prs,7.71,3.1,,Nossuk,Spring,1,,3,9.935279105,40.54838367,4.0812526
404014,10.07,-17.83,46,std,29.32,1.46,,Craig,Spring,5,,4,5.174914677,38.82947852,7.503404586
404015,9.78,-15.1,35,std,14.69,0.29,,Craig,Spring,5,,4,3.630193995,25.75803254,7.095497534
404016,8.25,-18.25,26,sag,4.3,2.08,,Soda Bay,Spring,8,,3,9.052790523,44.29522793,4.892991594
404017,7.11,-17.57,25,std,5.97,0.06,,Soda Bay,Spring,9,,4,4.861685396,47.57194763,9.785073233
404018,7.11,-16.61,26,std,6.1,0.37,,Soda Bay,Spring,9,,4,6.60472756,56.16631789,8.503956806
404019,6.2,-17.94,29,std,8.61,0.47,,Soda Bay,Spring,9,,4,4.708183605,55.6204604,11.81357081
404020,6.47,-18.24,57,stf,62.18,4.89,,,Spring,12,,4,6.066558492,44.9584811,7.410870787
404021,6.72,-19.14,52,stf,44.77,3.18,,,Spring,12,,4,6.608752308,44.449654,6.725876827
404022,9.8,-19.39,62,evt,152.46,11.24,,Soda Bay,Summer,9,stomach,4,8.263122558,46.27249971,5.599880601
404023,11.49,-15.99,62,evt,152.46,3.71,,Soda Bay,Summer,9,feet,4,11.29601275,40.87225496,3.618290442
404024,8.51,-21.58,79,pio,331.67,81.94,,Soda Bay,Summer,9,stomach,4,6.415411179,55.42868053,8.639926418
404025,11.11,-16.51,79,pio,331.67,9.94,,Soda Bay,Summer,9,feet,4,9.81569625,38.76164643,3.948945184
404026,9.23,-19.19,79,pio,331.67,2.93,,Soda Bay,Summer,9,gonads,4,9.947802747,48.24615736,4.849931044
404027,8.03,-21.7,90,pio,487.93,69.81,,Soda Bay,Summer,9,stomach,4,6.870739483,57.23420189,8.330137102
404028,8.63,-19.98,90,pio,487.93,28.28,,Soda Bay,Summer,9,gonads,4,9.046747504,48.09913593,5.31673244
404029,10.64,-16.55,90,pio,487.93,7.19,,Soda Bay,Summer,9,feet,4,10.32787101,39.84618888,3.858122246
404030,8.42,-21.63,79,pio,348.27,92.1,,Soda Bay,Summer,9,stomach,4,7.629383427,55.42595053,7.264800762
404031,9.05,-19.64,79,pio,348.27,8.8,,Soda Bay,Summer,9,gonads,4,10.34832558,47.59238566,4.599042165
404032,10.7,-16.25,79,pio,348.27,5.89,,Soda Bay,Summer,9,feet,4,10.18269169,38.39215132,3.77033426
404033,9.18,-15.41,74,apc,8.26,,,Soda Bay,Winter,8,,3,4.275254644,19.03974488,4.453476217
404035,8.32,-18.69,62,cln,76.73,39.25,,Soda Bay,Winter,8,,4,10.21014453,41.7665634,4.090692673
404036,8.65,-18.25,49,cln,29.83,15.25,,Soda Bay,Winter,8,,4,10.6455374,40.4380136,3.79858828
404037,8.38,-18.59,58,cln,56.42,25.82,,Soda Bay,Winter,8,,4,9.800024397,42.99104045,4.386829941
404038,9.47,-18.21,40,prs,15.77,7.31,,Soda Bay,Winter,8,,4,9.242762871,40.60431554,4.393092857
404039,9.34,-17.91,44,prs,25.77,12.75,,Soda Bay,Winter,8,,4,8.716911698,40.78282431,4.678586376
404040,9.41,-18.13,46,prs,24.48,11.47,,Soda Bay,Winter,8,,4,9.234308029,39.71873219,4.301213698
404041,9.47,-17.93,44,prs,26.44,12.73,,Soda Bay,Winter,8,,4,9.894985734,40.71308278,4.114516572
404043,8.94,-18.34,41,sag,12.15,4.89,,Soda Bay,Winter,8,,4,10.30250752,43.88315988,4.259463999
404044,9.37,-17.36,69,sag,115.99,50.99,,Soda Bay,Winter,8,,7,9.944305299,38.92090558,3.913888845
404045,9.19,-17.75,61,sag,61.92,28.75,,Soda Bay,Winter,8,,6,10.39669955,40.96117727,3.939825044
404046,9.63,-17.83,59,sag,75.19,30.55,,Soda Bay,Winter,8,,6,9.212994367,36.48083644,3.959715483
404047,9.56,-17.58,69,sag,97.94,42.15,,Soda Bay,Winter,8,,6,10.1350734,41.01958918,4.047290785
404048,11.54,-16.39,31,nul,4.65,0.83,,Craig,Summer,2,,3,11.93598943,44.32546628,3.713597982
404049,11.6,-15.66,33,nul,4.66,0.99,,Craig,Summer,2,,3,12.21733038,43.35223579,3.548421336
404050,13.45,-16.05,32,nul,4.56,1.72,,Craig,Summer,2,,3,9.886078164,44.83953212,4.535623872
404051,11.14,-17.05,30,nul,3.77,0.99,,Craig,Summer,2,,3,10.42053435,42.51288123,4.079721808
404052,11.27,-17.52,29,nul,3.42,1.28,,Craig,Summer,2,,3,9.943656014,48.31783661,4.859162117
404053,11.4,-16.53,30,nul,3.94,0.85,,Craig,Summer,2,,4,10.80799674,43.73381045,4.04643076
404054,11.25,-17.14,100,squid eggs,128.34,,,Nossuk,Summer,16,,4,5.414820714,24.03736906,4.439180969
404055,10.71,-16.67,84,sag,152.12,73.96,,Craig,Winter,2,,4,9.058880653,40.78088226,4.501757317
404056,10.69,-16.49,80.5,sag,146.07,70.46,,Craig,Winter,2,,4,10.38327328,42.57683832,4.10052179
404057,10.87,-16.31,77,sag,135.85,64.03,,Craig,Winter,2,,5,10.26339688,39.74955387,3.872943271
404058,10.58,-16.95,78,sag,113.57,51.11,,Craig,Winter,2,,5,10.27493781,44.00558297,4.282807719
404059,8.93,-18.32,65,cln,76.25,38.24,,Soda Bay,Summer,15,,5,8.458394435,38.06575015,4.500351745
404060,9.82,-20.74,88,pio,273.23,37.67,,Craig,Spring,5,stomach,5,6.448164214,56.78874005,8.806962441
404061,9.64,-18.02,64.5,sag,75.61,36.12,,Soda Bay,Summer,15,,5,9.397852167,38.86164523,4.135162433
404062,9.61,-17.87,63,sag,70.57,34.33,,Soda Bay,Summer,15,,5,9.500733451,38.29817344,4.031075457
404063,11.46,-16.58,58,prs,75.67,30.19,,Craig,Winter,2,,5,8.435469866,33.49684688,3.970952112
404064,9.55,-17.75,59,sag,63.15,28.88,,Soda Bay,Summer,15,,5,8.714517566,38.51310597,4.419419168
404065,9.63,-18.88,88,pio,273.23,27.78,,Craig,Spring,5,gonads,5,8.994982154,46.05642056,5.12023479
404066,10.78,-17.05,64,sag,60.34,24.77,,Soda Bay,Summer,15,,5,9.516568082,41.0861678,4.317330307
404067,11.08,-16.82,56,prs,59.22,24.67,,Craig,Winter,2,,5,9.371101109,39.3854127,4.20285858
404068,11.08,-16.44,52.5,prs,46.81,22.45,,Craig,Winter,2,,5,9.819753053,39.03572563,3.975224776
404069,9.97,-17.04,54,prs,51.2,20.55,,Craig,Winter,2,,5,9.578707657,39.41719796,4.115085184
404070,10.49,-17.73,54,prs,60.08,17.67,,Soda Bay,Summer,15,,5,8.901908914,35.04073331,3.936316766
404071,9.27,-20.56,64,pio,172.6,17.61,,Craig,Winter,5,stomach,5,5.749431828,60.47777746,10.51891374
404072,7.66,-17.15,47,stf,39.15,16.14,,Soda Bay,Summer,9,,5,3.763414934,41.17055053,10.93967879
404073,10.08,-16.57,44,prs,27.11,9.81,,Craig,Winter,2,,5,10.52628224,41.56430528,3.948621586
404074,9.04,-18.12,46,cln,29.34,14.67,,Soda Bay,Summer,15,,5,9.081111794,37.40161545,4.118616344
404075,8.42,-17.54,47,cln,32.85,14.66,,Soda Bay,Summer,18,,5,8.657887731,38.50788524,4.447722867
404076,7.77,-17.85,49,stf,39.3,12.85,,Soda Bay,Summer,9,,5,6.209039464,31.46906419,5.068266093
404077,9.6,-16.27,44.5,cln,26.02,12.27,,Craig,Winter,2,,5,9.903195773,38.10340937,3.847587208
404078,9.92,-17.27,45.5,prs,27.01,12.14,,Soda Bay,Summer,15,,5,9.147520168,38.15766235,4.171366846
404079,9.65,-18.09,43,sag,22.21,11.52,,Soda Bay,Summer,15,,5,8.246611019,38.87012245,4.713466217
404080,9.88,-17.72,45,prs,33.02,11.14,,Soda Bay,Summer,15,,5,8.344083717,35.99593817,4.31394739
404081,8.34,-16.63,46,std,36.41,10.76,,Soda Bay,Summer,9,,5,5.626662278,46.82861221,8.322627145
404082,9.87,-17.72,46,prs,29.45,10.29,,Soda Bay,Summer,15,,5,8.510055703,38.77390679,4.556245945
404083,9.01,-18.09,42.5,prs,22.33,9.6,,Soda Bay,Summer,15,,5,8.347682952,40.15400393,4.810197532
404084,8.89,-17.84,64,pio,172.6,9.53,,Craig,Winter,5,gonads,5,10.69842113,48.23670605,4.508768675
404085,7.4,-16.37,53,stf,51.52,9,,Soda Bay,Winter,9,,5,2.895565016,20.06491613,6.929533965
404086,10.31,-16.26,43.5,sag,18.74,8.82,,Craig,Winter,2,,5,11.23199286,42.36877114,3.772150827
404087,8.88,-16.86,43,cln,25.49,8.7,,Soda Bay,Summer,18,,5,9.438264853,34.67577869,3.673956944
404088,7.92,-17.74,47,stf,41.71,8.61,,Soda Bay,Winter,9,,5,5.009407153,36.59542843,7.305341192
404089,10.94,-15.68,64,pio,172.6,7.91,,Craig,Winter,5,feet,5,10.48673832,39.38477548,3.75567448
404090,7.53,-17.43,43,stf,27.49,7.33,,Soda Bay,Summer,9,,5,4.508636476,28.07269539,6.22642689
404092,12.47,-15.74,88,pio,273.23,6.88,,Craig,Spring,5,feet,7,10.84854538,40.41627827,3.725502072
404094,6.99,-16.89,40,std,25.26,6.01,,Soda Bay,Summer,9,,7,6.023296166,42.95430726,7.131362311
404095,10.54,-18.65,37,std,20.16,5.91,,Craig,Summer,5,,7,6.629684376,42.66517119,6.435475471
404096,8.52,-18.28,36,stf,22.02,5.68,,Craig,Summer,5,,7,3.998529367,30.1773591,7.547114533
404097,6.97,-17.13,43,std,27.28,5.58,,Soda Bay,Summer,9,,7,5.586105336,37.84202713,6.774313203
404098,7.49,-16.15,37.5,std,22.24,5.45,,Soda Bay,Summer,9,,6,4.761572759,35.88112547,7.535561733
404099,7.97,-17.13,38.5,std,26.07,5.4,,Soda Bay,Summer,9,,6,5.380125613,41.47232969,7.708431489
404105,11.84,-15.88,46,cam,18.07,7.47,m,Craig,Summer,2,,6,9.715195292,43.45328908,4.472713906
404106,12.47,-16.08,68,cam,59.53,21.84,m,Craig,Summer,2,,6,11.35198559,42.62654611,3.754985927
404107,13.03,-14.95,83,cam,99.59,50.28,f,Craig,Summer,2,,6,8.982046792,38.04071474,4.235194451
404108,11.62,-17.62,75.5,cam,79.69,29.51,f,Craig,Winter,2,,6,11.05689138,47.98403616,4.339740212
404109,11.54,-14.65,62,cam,43.38,16.5,f,Craig,Winter,2,,6,10.74954693,48.51546709,4.513256921
404110,11.92,-14.01,63,cam,40.98,19.7,f,Nossuk,Summer,20,,6,10.36125792,43.44956802,4.193464574
404111,12.81,-14.4,79,cam,74.67,27.27,f,Nossuk,Summer,20,,6,9.476914266,35.77876914,3.775360643
404112,12.19,-15.82,66,cam,48.74,22.32,m,Soda Bay,Winter,8,,6,10.62878893,38.72163758,3.643090274
404113,10.62,-17.88,61,cam,46.22,17.67,f,Soda Bay,Winter,8,,6,11.16871447,48.89285074,4.377661445
404114,13.23,-16.34,106,cap,191.22,59.94,m,Craig,Summer,5,,6,10.89986681,43.32134031,3.974483456
404115,12.58,-17.09,89,cap,96.96,39.98,"f, gravid",Craig,Summer,2,,6,9.65394258,47.99608317,4.971656168
404116,11.8,-16.2,145,cap,364.35,173.67,m,Soda Bay,Summer,15,,6,8.965594001,42.54103845,4.744921357
404117,13.11,-14.07,170,cap,517.09,220.94,m,Soda Bay,Summer,15,,6,10.16964678,36.30864014,3.570295108
404118,12.81,-15.5,78,cap,70.4,34.88,m,Craig,Winter,2,,6,10.51119732,44.20761988,4.205764438
404119,11.9,-16.51,48,tec,32.89,11.52,f,Craig,Summer,5,,6,10.40769083,44.5810276,4.283469631
404120,10.82,-15.79,75,tec,103.53,47.09,m,Soda Bay,Summer,9,,6,8.878662128,38.92788093,4.384430939
404121,12.73,-15.69,45,tec,45.42,17.69,m,Soda Bay,Winter,8,,6,9.969305802,34.90481982,3.501228723
404122,9.68,-17.48,35,mtr,3.7,1.44,,Craig,Spring,2,,8,9.72938829,42.78324182,4.397320833
404123,9.57,-17.1,24.5,mtr,1.91,0.58,,Craig,Spring,2,,8,10.11064401,43.58217108,4.310523743
404124,9.37,-17.41,25,mtr,2.42,0.67,,Craig,Spring,2,,8,10.21483306,40.08426597,3.924123452
404125,9.67,-17.74,45.5,mtr,10.66,4.12,,Craig,Summer,2,,8,8.563995684,41.20015232,4.810856269
404126,9.1,-18.04,43,mtr,8.68,4.37,,Craig,Summer,2,,8,8.091172511,41.32791433,5.107778171
404127,9.26,-17.72,37.5,mtr,7.01,3,,Craig,Summer,2,,8,7.997395874,39.71156731,4.965562283
404128,10.38,-17.29,34.5,mtr,4.83,1.34,,Craig,Winter,2,,8,10.57623061,43.4820334,4.191269518
404129,9.38,-17.28,26,mtr,2.4,0.62,,Craig,Winter,2,,8,11.52140558,42.37299486,4.111297776
404130,9.42,-16.91,29,mtr,1.73,0.79,,Craig,Winter,2,,8,11.52140558,42.37299486,3.677762628
404134,10.64,-18.98,75.5,cam,79.69,0.7,,Craig,Winter,2,gonads,8,10.32892639,50.5640187,4.895379904
404135,10.66,-15.57,62,cam,43.38,1.07,,Craig,Winter,2,gonads,8,10.1791908,50.7452393,4.985193844
404154,9.63,-17.09,31.5,pup,7.58,1.45,m,Craig,Spring,5,,7,8.12015491,41.04238594,5.054384601
404155,11.35,-16.98,71,pup,193.21,53.24,m,Craig,Spring,5,,7,9.853944226,40.50586535,4.110624581
404157,9.3,-18.01,30.5,mtr,2.79,0.68,,Craig,Spring,5,,8,9.872911166,43.90991613,4.447514557
404158,9.1,-18.27,27,mtr,1.95,0.63,,Craig,Spring,5,,8,10.07181898,46.45381204,4.61225645
404159,9.31,-17.51,23,mtr,1.19,0.5,,Craig,Spring,5,,8,9.615671477,42.45778389,4.415477795
404161,12.06,-16.12,51,cef,14.82,2.79,,Craig,Summer,5,,7,12.05712838,44.67376166,3.705174256
404194,10.28,-17.44,36,pup,19.01,7.21,m,Craig,Summer,5,,7,8.087681665,42.38727738,5.240967577
404195,10.81,-16.84,58,pup,67.53,12.78,m,Craig,Summer,5,,7,7.547353719,37.50449211,4.969224116
404196,10.45,-17.41,58,pup,116.09,38.25,m,Craig,Summer,5,,7,7.130614144,35.95777152,5.042731354
404197,10.13,-18.73,31,std,10.25,2.97,,Craig,Summer,5,,7,6.957529105,43.30153175,6.223693943
404198,9.44,-18.23,29.5,std,8.79,2.04,,Craig,Summer,5,,8,5.932297299,32.58413542,5.492667306
404199,9.9,-19.19,23.5,std,5.38,1.18,,Craig,Summer,5,,8,4.86061302,26.65549232,5.483977476
404201,10.79,-17.65,48,tec,32.89,,,Craig,Summer,5,gonads,8,9.748431388,49.82582805,5.111163639
404202,9.67,-14.98,25.5,tes,7.69,1.12,,Craig,Summer,5,,7,11.33247161,42.42662583,3.743810468
404203,10.16,-13.16,26,tes,6.55,0.99,,Craig,Summer,5,,7,12.07659015,42.2397919,3.497658808
404204,9.92,-14.89,24,tes,6.94,0.76,,Craig,Summer,5,,8,11.80932386,41.25665353,3.493566103
404205,11.45,-17.78,59,cef,16.26,2.44,,Craig,Winter,5,,7,10.4711395,45.93644652,4.386957744
404206,11.82,-15.83,58,cef,15.72,2.17,,Craig,Winter,5,,7,11.013611,41.51993505,3.769874843
404207,9.06,-18.65,21,evt,11.99,1.09,,Craig,Winter,5,whole,7,7.782387754,47.02517079,6.042511923
404210,9.08,-18.18,29,mtr,2.26,0.74,,Craig,Winter,5,,8,9.215928764,42.70238869,4.633541532
404211,9.41,-16.94,36,mtr,5.16,1.93,,Craig,Winter,5,,8,10.2019653,43.15648873,4.230213247
404212,9.37,-17.39,35,mtr,3.95,1.27,,Craig,Winter,5,,8,10.16252746,41.11829155,4.046069418
404213,11.34,-17.43,29,nul,2.64,0.96,,Craig,Winter,5,,6,10.37495152,47.14196775,4.543825352
404214,12.15,-16.49,22,nul,1.55,0.52,,Craig,Winter,5,,6,10.3876953,44.63023718,4.296452282
404215,11.68,-16.36,28,nul,2.68,0.55,,Craig,Winter,5,,6,11.49586094,44.19722601,3.844620794
404219,13.13,-15.87,19,map,2.87,0.25,,Craig,Winter,5,,6,11.94073011,42.35866462,3.547409936
404220,13.44,-16.02,15,map,1.36,0.22,,Craig,Winter,5,,6,11.88526324,42.68670517,3.591565817
404221,13.64,-15.56,20,map,3.1,0.17,,Craig,Winter,5,,6,12.13422553,42.50713166,3.503077435
404222,10.37,-14.06,21,tes,3.96,0.38,,Craig,Winter,5,,8,11.91268896,42.18505779,3.541186874
404236,7.78,-18.35,41,mtr,5.38,2.01,,Soda Bay,Spring,8,,8,10.88621684,42.76211013,3.928096488
404237,8.6,-18.51,41,mtr,5.34,1.65,,Soda Bay,Spring,8,,8,10.9413428,41.03055812,3.750047766
404238,10.69,-16.56,31,nul,3.79,0.92,,Soda Bay,Spring,8,,6,10.38628091,42.63062526,4.104513024
404239,7.56,-18.18,33,mtr,3.24,1.24,,Soda Bay,Spring,9,,8,10.96359517,43.98104192,4.011552891
404240,11.2,-15.91,64,cef,25.01,2.66,,Soda Bay,Spring,9,,7,11.67746445,39.65940891,3.39623461
404241,10.65,-16.17,75,cef,36.69,3.67,,Soda Bay,Spring,9,,7,10.96032227,41.34638617,3.772369567
404250,6.82,-17.34,48.5,stf,36.25,4.28,,Soda Bay,Summer,9,,7,4.690090519,32.88425295,7.011432468
404251,11.75,-16.51,40.5,stf,23.91,4.14,,Soda Bay,Summer,9,,7,11.11672443,44.2602941,3.981415064
404252,10.34,-16.75,66,cef,33.85,5.53,,Soda Bay,Summer,9,,7,11.06428967,40.31711017,3.643895034
404253,10.49,-16.57,65,cef,36.16,6.48,,Soda Bay,Summer,9,,7,11.37591572,42.20473281,3.710007514
404262,8.35,-19.62,47,mtr,8.22,4.21,,Soda Bay,Summer,9,,8,8.42737749,41.82032761,4.962436732
404263,8.27,-19.72,49,mtr,8.92,3.23,,Soda Bay,Summer,9,,8,8.429906737,42.83519836,5.08133716
404264,8.02,-20.42,44,mtr,7.7,3.19,,Soda Bay,Summer,9,,7,8.364235217,44.10338276,5.272853001
404268,11.02,-15.63,27,nul,3.56,0.5,,Soda Bay,Summer,30,,6,10.30602962,40.17885284,3.89857727
404269,10.99,-16.04,28,nul,3.87,0.52,,Soda Bay,Summer,30,,6,10.03301056,39.1429659,3.90141779
404271,8.19,-19.85,37,mtr,6.92,2.2,,Soda Bay,Summer,15,,8,9.969378661,42.23217398,4.236189177
404272,8.25,-20.17,40,mtr,7.39,3.44,,Soda Bay,Summer,15,,7,9.145809897,41.75325018,4.565287344
404273,8.2,-20.04,37.5,mtr,6.94,3.53,,Soda Bay,Summer,15,,7,8.818731182,42.79956205,4.85325623
404274,10.18,-18.88,61,cam,46.22,0.7,,Soda Bay,Winter,8,gonads,8,10.23486944,50.09291763,4.894338705
404290,8.59,-19.41,41,mtr,5.03,2.26,,Soda Bay,Winter,8,,8,10.734704,39.59789473,3.688773788
404292,8.31,-19.46,40,mtr,4.79,1.19,,Soda Bay,Winter,8,,8,9.786665788,40.82483346,4.171475184
404293,8.3,-18.92,31,mtr,2.33,1.32,,Soda Bay,Winter,9,,8,10.44158728,41.68626753,3.992330517
404294,8.24,-19.09,34,mtr,3.4,1.51,,Soda Bay,Winter,9,,8,10.4125931,40.19576413,3.860302976
404295,8.08,-18.98,29,mtr,3.15,1.45,,Soda Bay,Winter,9,,8,10.59194331,40.25186874,3.800234533
404296,11.27,-16.62,17,map,2.22,0.33,,Soda Bay,Winter,9,,6,12.1799971,42.99626564,3.530071911
404297,11.76,-16.39,16,map,2.74,0.78,,Soda Bay,Winter,9,,6,11.97981586,42.28707528,3.529860207
404298,11,-16.8,16,map,2.17,0.77,,Soda Bay,Winter,9,,6,12.68843726,41.98442948,3.308873158
404299,10.63,-16.49,67,cef,33.7,1.4,,Soda Bay,Winter,9,,7,11.42718034,41.12669541,3.599023922
404300,10.41,-16.73,69,cef,32.22,2.16,,Soda Bay,Winter,9,,7,10.51396733,42.16552013,4.010429061
404302,6.77,-13.73,40.5,std,24.31,9.52,,Soda Bay,Winter,9,,7,6.15180644,26.63671917,4.329902026
404303,7.34,-16.61,36,std,16.52,7.75,,Soda Bay,Winter,9,,7,7.886199123,39.83758762,5.05155741
404304,7.16,-16.01,39,std,18.64,5.16,,Soda Bay,Winter,9,,7,6.455602523,37.69099415,5.838493621
404306,7.49,-11.91,25,stf,17.81,4.06,,Soda Bay,Winter,9,,7,2.236050627,13.41184544,5.998006159
404307,8.15,-12.22,26,stf,7.53,2.1,,Soda Bay,Winter,9,,7,1.901789956,10.52925593,5.536497816