"","otter_region","site","latitude","longitude","core_letter","layer_number","layer_thickness","layer_volume","sample_volume","pan_number","pan_weight","pan_sed_ww_pre_60C","pan_sed_dw_post_60C","dry_bulk_density","pan_sed_dw_pre_450C","pan_sed_dw_post450C","crucible_weight","crucible_sed_dw_pre_950C","crucible_sed_dw_post_950C","sed_ww_pre_60C","na.rm","sed_dw_post_60C","sed_dw_pre_450C","sed_dw_post_450C","om_weight","sed_dw_pre_950C","sed_dw_post_950C","im_weight","om_percent","im_percent","om.im_ratio","om_density","im_density","core_depth"
"1","Low","L06",55.19112,-133.105314,"A",1,1.1,21.5875,21.5875,1,1.29409,25.23823,17.17096,0.735465894614939,17.17096,11.29137,NA,NA,NA,23.94414,TRUE,15.87687,15.87687,9.99728,5.87959,NA,NA,NA,37.0324251568477,NA,NA,4.32423791931905,NA,2
"2","Low","L06",55.19112,-133.105314,"A",2,1.1,21.5875,21.5875,2,1.29186,39.12236,28.33694,1.25281204400695,28.33694,11.07443,27.32424,37.33955,36.8753,37.8305,TRUE,27.04508,27.04508,9.78257,17.26251,10.01531,9.55106,0.46425,63.828652013601,4.63540319770431,37.1836510500808,21.6266804377904,0.581617991430226,4
"3","Low","L06",55.19112,-133.105314,"A",3,1.3,25.5125,25.5125,3,1.28577,46.55486,33.83475,1.27580519353258,33.83475,11.80249,NA,NA,NA,45.26909,TRUE,32.54898,32.54898,10.51672,22.03226,NA,NA,NA,67.6895558631945,NA,NA,28.1088717332602,NA,6
"4","Low","L06",55.19112,-133.105314,"A",4,1.1,21.5875,21.5875,4,1.27816,36.85464,27.09433,1.19588511870295,27.09433,11.77326,NA,NA,NA,35.57648,TRUE,25.81617,25.81617,10.4951,15.32107,NA,NA,NA,59.3467969880892,NA,NA,18.3222396156063,NA,8
"5","Low","L06",55.19112,-133.105314,"A",5,1.4,27.475,27.475,5,1.29332,44.44818,32.33891,1.12995777979982,32.33891,11.3854,NA,NA,NA,43.15486,TRUE,31.04559,31.04559,10.09208,20.95351,NA,NA,NA,67.4927099146771,NA,NA,23.6765816386133,NA,10
"6","Low","L06",55.19112,-133.105314,"A",6,1.1,21.5875,21.5875,6,1.27617,36.4029,26.86238,1.18523265778807,26.86238,11.43155,NA,NA,NA,35.12673,TRUE,25.58621,25.58621,10.15538,15.43083,NA,NA,NA,60.3091665393194,NA,NA,18.2891236527759,NA,12
"7","Low","L06",55.19112,-133.105314,"A",7,1.1,21.5875,21.5875,7,1.28285,40.1781,29.31035,1.29832078749276,29.31035,11.09889,27.18162,37.31168,36.73588,38.89525,TRUE,28.0275,28.0275,9.81604,18.21146,10.13006,9.55426,0.575800000000001,64.9771117652306,5.6840729472481,31.6281000347342,23.6443170885929,0.747573109438334,14
"8","Low","L06",55.19112,-133.105314,"A",8,1.2,23.55,23.55,8,1.2873,34.7275,23.91346,0.960771125265393,23.91346,11.65552,NA,NA,NA,33.4402,TRUE,22.62616,22.62616,10.36822,12.25794,NA,NA,NA,54.1759626909736,NA,NA,11.7770748072357,NA,16
"9","Low","L06",55.19112,-133.105314,"A",9,1.1,21.5875,21.5875,9,1.29924,39.85357,26.74388,1.17867469600463,26.74388,10.81595,NA,NA,NA,38.55433,TRUE,25.44464,25.44464,9.51671,15.92793,NA,NA,NA,62.5983704230046,NA,NA,18.7738480507331,NA,18
"10","Low","L06",55.19112,-133.105314,"A",10,1,19.625,19.625,10,1.28011,37.7601,25.28452,1.22315464968153,25.28452,11.29277,NA,NA,NA,36.47999,TRUE,24.00441,24.00441,10.01266,13.99175,NA,NA,NA,58.2882478677876,NA,NA,17.1140740696815,NA,20
"11","Low","L06",55.19112,-133.105314,"A",11,1.1,21.5875,21.5875,11,1.28492,35.10722,24.45962,1.07352403011002,24.45962,10.96677,NA,NA,NA,33.8223,TRUE,23.1747,23.1747,9.68185,13.49285,NA,NA,NA,58.2223286601337,NA,NA,14.48489870967,NA,22
"12","Low","L06",55.19112,-133.105314,"A",12,1.1,21.5875,21.5875,12,1.2796,36.41581,24.0124,1.05305385060799,24.0124,11.07397,27.03366,37.37755,36.47293,35.13621,TRUE,22.7328,22.7328,9.79437,12.93843,10.34389,9.43927,0.904620000000001,56.9152502111487,8.74545262952334,14.3026132519732,13.624863532322,0.952613574337002,24
"13","Low","L06",55.19112,-133.105314,"A",13,1.1,21.5875,21.5875,13,1.29248,37.06989,25.30367,1.11227284308049,25.30367,11.02946,NA,NA,NA,35.77741,TRUE,24.01119,24.01119,9.73698,14.27421,NA,NA,NA,59.4481572966604,NA,NA,15.8768161394279,NA,26
"14","Low","L06",55.19112,-133.105314,"A",14,1.1,21.5875,21.5875,14,1.28497,40.15793,29.06922,1.2870526925304,29.06922,11.08434,NA,NA,NA,38.87296,TRUE,27.78425,27.78425,9.79937,17.98488,NA,NA,NA,64.7304857968093,NA,NA,23.1474882288361,NA,28
"15","Low","L06",55.19112,-133.105314,"A",15,1,19.625,19.625,15,1.30373,36.17991,27.3691,1.32817171974522,27.3691,11.15469,NA,NA,NA,34.87618,TRUE,26.06537,26.06537,9.85096,16.21441,NA,NA,NA,62.2067133518534,NA,NA,21.5355208143541,NA,30
"16","Low","L06",55.19112,-133.105314,"A",16,1.3,25.5125,25.5125,16,1.28411,45.3992,34.14238,1.28792827045566,34.14238,11.18173,NA,NA,NA,44.11509,TRUE,32.85827,32.85827,9.89762,22.96065,NA,NA,NA,69.8778420166369,NA,NA,29.5716702430377,NA,32
"17","Low","L06",55.19112,-133.105314,"A",17,1,19.625,19.625,17,1.27044,36.99406,28.6972,1.39754191082803,28.6972,11.57455,28.20961,38.73111,38.21217,35.72362,TRUE,27.42676,27.42676,10.30411,17.12265,10.5215,10.00256,0.518940000000001,62.4304511360438,4.93218647531246,32.9954329980344,23.9296209994395,0.725240399205096,34
"18","Low","L06",55.19112,-133.105314,"A",18,1.1,21.5875,21.5875,18,1.27591,41.85765,32.30245,1.43724562825709,32.30245,11.94743,NA,NA,NA,40.58174,TRUE,31.02654,31.02654,10.67152,20.35502,NA,NA,NA,65.6051883323116,NA,NA,29.2551635080857,NA,36
"19","Low","L06",55.19112,-133.105314,"A",19,1.1,21.5875,21.5875,19,1.27407,42.26951,31.5261,1.40136792125072,31.5261,11.18118,NA,NA,NA,40.99544,TRUE,30.25203,30.25203,9.90711,20.34492,NA,NA,NA,67.2514208137437,NA,NA,28.5107182484123,NA,38
"20","Low","L06",55.19112,-133.105314,"A",20,1.1,21.5875,21.5875,20,1.27525,34.22254,26.12619,1.15117266936885,26.12619,11.0349,NA,NA,NA,32.94729,TRUE,24.85094,24.85094,9.75965,15.09129,NA,NA,NA,60.7272400963505,NA,NA,17.3726805935194,NA,40
"21","Low","L06",55.19112,-133.105314,"A",21,1,19.625,19.625,21,1.28873,44.56082,34.22778,1.67842292993631,34.22778,10.97885,NA,NA,NA,43.27209,TRUE,32.93905,32.93905,9.69012,23.24893,NA,NA,NA,70.5816652271392,NA,NA,39.0215372084841,NA,42
"22","Low","L06",55.19112,-133.105314,"A",22,1.2,23.55,23.55,22,1.27349,44.7545,35.86514,1.46885987261146,35.86514,11.02654,27.1399,37.15038,36.66595,43.48101,TRUE,34.59165,34.59165,9.75305,24.8386,10.01048,9.52605,0.484429999999996,71.8051899808191,4.83922848854397,51.2738682575402,36.4844228318471,0.711559788089166,44
"23","Low","L06",55.19112,-133.105314,"A",23,1.2,23.55,23.55,23,1.26936,49.19373,39.73353,1.63329808917197,39.73353,11.05383,NA,NA,NA,47.92437,TRUE,38.46417,38.46417,9.78447,28.6797,NA,NA,NA,74.562118459855,NA,NA,46.8424992080255,NA,46
"24","Low","L06",55.19112,-133.105314,"A",24,1,19.625,19.625,24,1.26402,38.07285,30.08491,1.46858038216561,30.08491,11.08657,NA,NA,NA,36.80883,TRUE,28.82089,28.82089,9.82255,18.99834,NA,NA,NA,65.918644427705,NA,NA,27.9005894177121,NA,48
"25","Low","L06",55.19112,-133.105314,"A",25,1.1,21.5875,21.5875,25,1.27216,46.73594,37.41476,1.6742374059062,37.41476,11.27969,NA,NA,NA,45.46378,TRUE,36.1426,36.1426,10.00753,26.13507,NA,NA,NA,72.3109848212359,NA,NA,43.7563117999768,NA,50
"26","Low","L06",55.19112,-133.105314,"A",26,1.3,25.5125,25.5125,26,1.3002,44.06041,32.42995,1.22017638412543,32.42995,11.08425,NA,NA,NA,42.76021,TRUE,31.12975,31.12975,9.78405,21.3457,NA,NA,NA,68.5700977360885,NA,NA,26.0455190426262,NA,52
"27","Low","L06",55.19112,-133.105314,"A",27,1.1,21.5875,21.5875,27,1.26125,42.08234,32.28478,1.43710619571511,32.28478,11.38028,24.97717,35.32026,34.87266,40.82109,TRUE,31.02353,31.02353,10.11903,20.9045,10.34309,9.89549,0.447599999999994,67.3827253055987,4.32752688026493,46.7035299374447,30.0419864683266,0.643248733202076,54
"28","Low","L06",55.19112,-133.105314,"A",28,1.2,23.55,23.55,28,1.27401,45.51101,35.62807,1.45877112526539,35.62807,11.1566,NA,NA,NA,44.237,TRUE,34.35406,34.35406,9.88259,24.47147,NA,NA,NA,71.2331235376546,NA,NA,35.6982738287983,NA,56
"29","Low","L06",55.19112,-133.105314,"A",29,1.1,21.5875,21.5875,29,1.30522,41.45744,31.89644,1.41708025477707,31.89644,11.55447,NA,NA,NA,40.15222,TRUE,30.59122,30.59122,10.24925,20.34197,NA,NA,NA,66.496105745374,NA,NA,28.8262040302675,NA,58
"30","Low","L06",55.19112,-133.105314,"A",30,1.1,21.5875,21.5875,30,1.27443,42.65996,33.73925,1.50387122177186,33.73925,11.26737,NA,NA,NA,41.38553,TRUE,32.46482,32.46482,9.99294,22.47188,NA,NA,NA,69.2191732466097,NA,NA,33.7948136311106,NA,60
"31","Mid","M08",55.282137,-133.334028,"A",1,1.1,21.5875,21.5875,1,1.2987,35.53727,21.28956,0.926038679791546,21.28956,19.02408,NA,NA,NA,34.23857,TRUE,19.99086,19.99086,17.72538,2.26548,NA,NA,NA,11.3325789885978,NA,NA,2.09792210829415,NA,2
"32","Mid","M08",55.282137,-133.334028,"A",2,1.1,21.5875,21.5875,2,1.28076,33.16456,19.75047,0.855574290677475,19.75047,17.86721,28.01184,46.80922,45.15714,31.8838,TRUE,18.46971,18.46971,16.58645,1.88326,18.79738,17.1453,1.65208000000001,10.1964784503926,8.78888440835906,1.13993269091085,1.61126883866126,1.41347717414245,4
"33","Mid","M08",55.282137,-133.334028,"A",3,1,19.625,19.625,3,1.29038,26.99028,14.24553,0.660135031847134,14.24553,12.57679,NA,NA,NA,25.6999,TRUE,12.95515,12.95515,11.28641,1.66874,NA,NA,NA,12.8809006456892,NA,NA,1.10159373304459,NA,6
"34","Mid","M08",55.282137,-133.334028,"A",4,1,19.625,19.625,4,1.2831,27.19499,14.15712,0.65600101910828,14.15712,12.2234,NA,NA,NA,25.91189,TRUE,12.87402,12.87402,10.9403,1.93372,NA,NA,NA,15.0203277608703,NA,NA,1.26852229067006,NA,8
"35","Mid","M08",55.282137,-133.334028,"A",5,0.9,17.6625,17.6625,5,1.26625,26.34577,13.4209,0.68816135881104,13.4209,11.54752,NA,NA,NA,25.07952,TRUE,12.15465,12.15465,10.28127,1.87338,NA,NA,NA,15.4128666806531,NA,NA,1.28918772636943,NA,10
"36","Mid","M08",55.282137,-133.334028,"A",6,0.9,17.6625,17.6625,6,1.27614,26.7762,14.22653,0.733213871196037,14.22653,12.20966,NA,NA,NA,25.50006,TRUE,12.95039,12.95039,10.93352,2.01687,NA,NA,NA,15.5738166958679,NA,NA,1.47879706039915,NA,12
"37","Mid","M08",55.282137,-133.334028,"A",7,0.9,17.6625,17.6625,7,1.28676,30.00836,18.45379,0.971947912243454,18.45379,16.18262,25.85583,42.90735,36.24903,28.7216,TRUE,17.16703,17.16703,14.89586,2.27117,17.05152,10.3932,6.65832,13.2298364947227,39.0482490710506,0.341102560405628,2.20745893984996,6.47154022304883,14
"38","Mid","M08",55.282137,-133.334028,"A",8,0.9,17.6625,17.6625,8,1.29676,28.7506,16.70819,0.872550884642604,16.70819,14.5328,NA,NA,NA,27.45384,TRUE,15.41143,15.41143,13.23604,2.17539,NA,NA,NA,14.1154325069121,NA,NA,1.89813846894268,NA,16
"39","Mid","M08",55.282137,-133.334028,"A",9,0.9,17.6625,17.6625,9,1.28858,28.57663,16.16622,0.842329228591649,16.16622,14.17849,NA,NA,NA,27.28805,TRUE,14.87764,14.87764,12.88991,1.98773,NA,NA,NA,13.3605195447665,NA,NA,1.67432307754848,NA,18
"40","Mid","M08",55.282137,-133.334028,"A",10,0.8,15.7,15.7,10,1.28758,27.95512,15.99326,0.936667515923567,15.99326,13.82888,NA,NA,NA,26.66754,TRUE,14.70568,14.70568,12.5413,2.16438,NA,NA,NA,14.7179865194945,NA,NA,2.02730443811465,NA,20
"41","Mid","M08",55.282137,-133.334028,"A",11,0.8,15.7,15.7,11,1.29405,31.36377,22.16881,1.3296025477707,22.16881,20.3202,NA,NA,NA,30.06972,TRUE,20.87476,20.87476,19.02615,1.84861,NA,NA,NA,8.85571858071662,NA,NA,2.4579165658344,NA,22
"42","Mid","M08",55.282137,-133.334028,"A",12,0.9,17.6625,17.6625,12,1.28501,30.98365,22.55499,1.20424515215853,22.55499,20.74073,29.57194,50.9931,47.65769,29.69864,TRUE,21.26998,21.26998,19.45572,1.81426,21.42116,18.08575,3.33541,8.52967421690101,15.5706320292645,0.54393912592455,2.18481380975513,4.01665132296107,24
"43","Mid","M08",55.282137,-133.334028,"A",13,1,19.625,19.625,13,1.28866,36.45768,25.2529,1.22110777070064,25.2529,23.13576,NA,NA,NA,35.16902,TRUE,23.96424,23.96424,21.8471,2.11714,NA,NA,NA,8.83458019115148,NA,NA,2.58525610566115,NA,26
"44","Mid","M08",55.282137,-133.334028,"A",14,1,19.625,19.625,14,1.28271,32.15986,21.93838,1.05251821656051,21.93838,19.79296,NA,NA,NA,30.87715,TRUE,20.65567,20.65567,18.51025,2.14542,NA,NA,NA,10.3865911877949,NA,NA,2.25809363217325,NA,28
"45","Mid","M08",55.282137,-133.334028,"A",15,0.9,17.6625,17.6625,15,1.30049,32.1355,23.09045,1.23368492569002,23.09045,21.00101,NA,NA,NA,30.83501,TRUE,21.78996,21.78996,19.70052,2.08944,NA,NA,NA,9.58900337586668,NA,NA,2.57771063113376,NA,30
"46","Mid","M08",55.282137,-133.334028,"A",16,0.9,17.6625,17.6625,16,1.28147,32.13356,22.79587,1.21808351026185,22.79587,20.28688,NA,NA,NA,30.85209,TRUE,21.5144,21.5144,19.00541,2.50899,NA,NA,NA,11.6619101624958,NA,NA,3.05615934641189,NA,32
"47","Mid","M08",55.282137,-133.334028,"A",17,1,19.625,19.625,17,1.28899,36.21708,26.88213,1.30410904458599,26.88213,24.52244,24.59652,49.98712,42.75714,34.92809,TRUE,25.59314,25.59314,23.23345,2.35969,25.3906,18.16062,7.22998,9.22000973698421,28.475026190795,0.326375729946694,3.07729307141911,9.42868231017579,34
"48","Mid","M08",55.282137,-133.334028,"A",18,0.9,17.6625,17.6625,18,1.29998,33.18968,24.28878,1.30155980184006,24.28878,21.76751,NA,NA,NA,31.8897,TRUE,22.9888,22.9888,20.46753,2.52127,NA,NA,NA,10.9673841174833,NA,NA,3.28158368158528,NA,36
"49","Mid","M08",55.282137,-133.334028,"A",19,0.9,17.6625,17.6625,19,1.28554,35.22683,26.46217,1.42542845010616,26.46217,23.93383,NA,NA,NA,33.94129,TRUE,25.17663,25.17663,22.64829,2.52834,NA,NA,NA,10.0424083763395,NA,NA,3.6039677675414,NA,38
"50","Mid","M08",55.282137,-133.334028,"A",20,0.9,17.6625,17.6625,20,1.27845,35.36879,27.27786,1.4720118895966,27.27786,24.81731,NA,NA,NA,34.09034,TRUE,25.99941,25.99941,23.53886,2.46055,NA,NA,NA,9.46386860317215,NA,NA,3.62195885494692,NA,40
"51","Mid","M08",55.282137,-133.334028,"A",21,0.6,11.775,11.775,21,1.28702,19.90504,16.16541,1.26355753715499,16.16541,14.74978,NA,NA,NA,18.61802,TRUE,14.87839,14.87839,13.46276,1.41563,NA,NA,NA,9.5146719503925,NA,NA,1.78872995632272,NA,42
"52","Mid","M08",55.282137,-133.334028,"A",22,1,19.625,19.625,22,1.29476,43.01749,33.88045,1.66041732484076,33.88045,31.59354,26.58674,59.1133,39.64537,41.72273,TRUE,32.58569,32.58569,30.29878,2.28691000000001,32.52656,13.05863,19.46793,7.01814201264422,59.8524098459843,0.117470629902614,3.7972249843516,32.3248882507873,44
"53","Mid","M08",55.282137,-133.334028,"A",23,1,19.625,19.625,23,1.29699,38.91761,29.86146,1.45551439490446,29.86146,27.42646,NA,NA,NA,37.62062,TRUE,28.56447,28.56447,26.12947,2.435,NA,NA,NA,8.5245761605239,NA,NA,3.54417755159236,NA,46
"54","Mid","M08",55.282137,-133.334028,"A",24,1,19.625,19.625,24,1.29531,28.53306,20.93863,1.00093350318471,20.93863,18.24924,NA,NA,NA,27.23775,TRUE,19.64332,19.64332,16.95393,2.68939,NA,NA,NA,13.6911173874885,NA,NA,2.69190055412994,NA,48
"55","High","H06",55.739816,-133.312022,"A",1,1.3,25.5125,25.5125,1,1.28734,40.37477,20.61909,0.757736403723665,20.61909,18.10964,NA,NA,NA,39.08743,TRUE,19.33175,19.33175,16.8223,2.50945,NA,NA,NA,12.9809768903488,NA,NA,1.90150161832435,NA,2
"56","High","H06",55.739816,-133.312022,"A",2,1.1,21.5875,21.5875,2,1.29193,34.55639,21.8582,0.95269345686161,21.8582,19.89152,24.85565,45.6349,42.94444,33.26446,TRUE,20.56627,20.56627,18.59959,1.96668,20.77925,18.08879,2.69046,9.56264796679223,12.9478205421274,0.73098280591423,1.87364316774059,2.56318363794789,4
"57","High","H06",55.739816,-133.312022,"A",3,1.1,21.5875,21.5875,3,1.30293,36.36605,23.25126,1.01671476548929,23.25126,20.85591,NA,NA,NA,35.06312,TRUE,21.94833,21.94833,19.55298,2.39535,NA,NA,NA,10.9135865917817,NA,NA,2.43538771351476,NA,6
"58","High","H06",55.739816,-133.312022,"A",4,1.1,21.5875,21.5875,4,1.29728,35.42625,23.34507,1.02132206137811,23.34507,21.06854,NA,NA,NA,34.12897,TRUE,22.04779,22.04779,19.77126,2.27653,NA,NA,NA,10.3254339777365,NA,NA,2.32507031238912,NA,8
"59","High","H06",55.739816,-133.312022,"A",5,1.1,21.5875,21.5875,5,1.29565,36.39281,23.62767,1.03448847712797,23.62767,21.46811,NA,NA,NA,35.09716,TRUE,22.33202,22.33202,20.17246,2.15956,NA,NA,NA,9.67024030965402,NA,NA,2.23403993566647,NA,10
"60","High","H06",55.739816,-133.312022,"A",6,0.9,17.6625,17.6625,6,1.29274,29.34109,17.69216,0.928488039631989,17.69216,16.74542,NA,NA,NA,28.04835,TRUE,16.39942,16.39942,15.45268,0.946740000000004,NA,NA,NA,5.77300904544187,NA,NA,0.879036766641192,NA,12
"61","High","H06",55.739816,-133.312022,"A",7,1.3,25.5125,25.5125,7,1.28584,43.07524,27.19021,1.01535992160706,27.19021,26.04895,28.13691,55.32712,51.01805,41.7894,TRUE,25.90437,25.90437,24.76311,1.14126,27.19021,22.88114,4.30907,4.40566591660017,15.8478731867095,0.264850652228903,1.15878966413327,4.37525697739931,14
"62","High","H06",55.739816,-133.312022,"A",8,1.1,21.5875,21.5875,8,1.28115,33.54461,21.52999,0.937989114070643,21.52999,20.67434,NA,NA,NA,32.26346,TRUE,20.24884,20.24884,19.39319,0.855650000000001,NA,NA,NA,4.22567416207546,NA,NA,0.802590385454546,NA,16
"63","High","H06",55.739816,-133.312022,"A",9,1.1,21.5875,21.5875,9,1.29037,36.7789,23.38618,1.02354649681529,23.38618,22.46087,NA,NA,NA,35.48853,TRUE,22.09581,22.09581,21.1705,0.92531,NA,NA,NA,4.18771703775512,NA,NA,0.947097808968153,NA,18
"64","High","H06",55.739816,-133.312022,"A",10,1.1,21.5875,21.5875,10,1.28662,35.6711,22.40581,0.978306427330631,22.40581,21.3553,NA,NA,NA,34.38448,TRUE,21.11919,21.11919,20.06868,1.05051,NA,NA,NA,4.97419645355716,NA,NA,1.0277206849751,NA,20
"65","High","H06",55.739816,-133.312022,"A",11,1.1,21.5875,21.5875,11,1.28526,34.65497,23.37565,1.02329542559351,23.37565,20.90081,NA,NA,NA,33.36971,TRUE,22.09039,22.09039,19.61555,2.47484,NA,NA,NA,11.2032426770193,NA,NA,2.53249245107585,NA,22
"66","High","H06",55.739816,-133.312022,"A",12,1.2,23.55,23.55,12,1.2795,40.41406,28.76956,1.16730615711253,28.76956,26.31159,28.68026,55.74638,52.03608,39.13456,TRUE,27.49006,27.49006,25.03209,2.45797,27.06612,23.35582,3.7103,8.94130460246358,13.7082817928835,0.662472037301565,2.86920351499788,4.33105603473461,24
"67","High","H06",55.739816,-133.312022,"A",13,1.1,21.5875,21.5875,13,1.29357,38.49739,28.42158,1.25665361899247,28.42158,26.18339,NA,NA,NA,37.20382,TRUE,27.12801,27.12801,24.88982,2.23819,NA,NA,NA,8.25047616835883,NA,NA,2.81262956349276,NA,26
"68","High","H06",55.739816,-133.312022,"A",14,1.2,23.55,23.55,14,1.2835,38.98153,27.2775,1.10377919320594,27.2775,24.98793,NA,NA,NA,37.69803,TRUE,25.994,25.994,23.70443,2.28957,NA,NA,NA,8.80807109332924,NA,NA,2.52717972738854,NA,28
"69","High","H06",55.739816,-133.312022,"A",15,1.1,21.5875,21.5875,15,1.29214,36.55845,24.32171,1.06680115807759,24.32171,22.11558,NA,NA,NA,35.26631,TRUE,23.02957,23.02957,20.82344,2.20613,NA,NA,NA,9.57955359131759,NA,NA,2.35350203886971,NA,30
"70","High","H06",55.739816,-133.312022,"A",16,1.1,21.5875,21.5875,16,1.28744,33.19788,21.16308,0.92070133178923,21.16308,17.53705,NA,NA,NA,31.91044,TRUE,19.87564,19.87564,16.24961,3.62603,NA,NA,NA,18.243588634127,NA,NA,3.3384906501077,NA,32
"71","High","H06",55.739816,-133.312022,"A",17,1,19.625,19.625,17,1.28202,19.68686,19.68686,0.937826242038217,19.68686,17.50331,25.76036,44.20559,41.17408,18.40484,TRUE,18.40484,18.40484,16.22129,2.18355,18.44523,15.41372,3.03151,11.8639988177023,16.4351976093549,0.720284610639581,2.04779049080255,2.84302963100128,34
"72","High","H06",55.739816,-133.312022,"A",18,1.3,25.5125,25.5125,18,1.29198,25.04663,25.04663,0.931098481136698,25.04663,22.6117,NA,NA,NA,23.75465,TRUE,23.75465,23.75465,21.31972,2.43493,NA,NA,NA,10.2503299354021,NA,NA,2.26715962467418,NA,36
"73","High","H06",55.739816,-133.312022,"A",19,1,19.625,19.625,19,1.2913,17.49275,17.49275,0.825551592356688,17.49275,15.32896,NA,NA,NA,16.20145,TRUE,16.20145,16.20145,14.03766,2.16379,NA,NA,NA,13.3555329924173,NA,NA,1.78632028002548,NA,38
"74","High","H06",55.739816,-133.312022,"A",20,1.3,25.5125,25.5125,20,1.28454,24.01746,24.01746,0.891050269475747,24.01746,22.4167,NA,NA,NA,22.73292,TRUE,22.73292,22.73292,21.13216,1.60076,NA,NA,NA,7.04159430464719,NA,NA,1.426357629366,NA,40
"75","High","H06",55.739816,-133.312022,"A",21,0.9,17.6625,17.6625,21,1.28227,18.57781,18.57781,0.979223779193206,18.57781,15.99294,NA,NA,NA,17.29554,TRUE,17.29554,17.29554,14.71067,2.58487,NA,NA,NA,14.9452980363724,NA,NA,2.53116617012314,NA,42
"76","High","H06",55.739816,-133.312022,"A",22,1.2,23.55,23.55,22,1.28628,33.10723,33.10723,1.35120806794055,33.10723,29.42333,25.90963,56.61356,52.81994,31.82095,TRUE,31.82095,31.82095,28.13705,3.6839,30.70393,26.91031,3.79362,11.5769642326832,12.3554867406224,0.971077756865475,4.9777154014862,5.12596995070063,44
"77","High","H01",55.67264,-133.378,"A",1,1,19.625,19.625,1,1.2975,32.91782,21.4355,1.02614012738854,21.4355,19.34504,NA,NA,NA,31.62032,TRUE,20.138,20.138,18.04754,2.09046,NA,NA,NA,10.3806733538584,NA,NA,2.14510489070064,NA,2
"78","High","H01",55.67264,-133.378,"A",2,1,19.625,19.625,2,1.29017,33.07367,22.18318,1.06461197452229,22.18318,19.96383,26.91961,47.44278,45.17108,31.7835,TRUE,20.89301,20.89301,18.67366,2.21935,20.52317,18.25147,2.2717,10.6224521981275,11.0689527982275,0.976955583923935,2.36274658565605,2.41847902252229,4
"79","High","H01",55.67264,-133.378,"A",3,0.9,17.6625,17.6625,3,1.29366,30.22783,20.37146,1.08013021939137,20.37146,18.39091,NA,NA,NA,28.93417,TRUE,19.0778,19.0778,17.09725,1.98055,NA,NA,NA,10.3814381113126,NA,NA,2.13925190601557,NA,6
"80","High","H01",55.67264,-133.378,"A",4,1,19.625,19.625,4,1.28849,32.05987,21.15412,1.01226140127389,21.15412,19.27152,NA,NA,NA,30.77138,TRUE,19.86563,19.86563,17.98303,1.8826,NA,NA,NA,9.47666900068108,NA,NA,1.90568331403822,NA,8
"81","High","H01",55.67264,-133.378,"A",5,0.9,17.6625,17.6625,5,1.2953,32.00376,22.68181,1.21084274593064,22.68181,20.69939,NA,NA,NA,30.70846,TRUE,21.38651,21.38651,19.40409,1.98242,NA,NA,NA,9.26948810254688,NA,NA,2.40039887638782,NA,10
"82","High","H01",55.67264,-133.378,"A",6,1,19.625,19.625,6,1.30059,36.40771,26.79312,1.29898242038217,26.79312,24.46749,NA,NA,NA,35.10712,TRUE,25.49253,25.49253,23.1669,2.32563,NA,NA,NA,9.12279008791986,NA,NA,3.02095248631337,NA,12
"83","High","H01",55.67264,-133.378,"A",7,0.9,17.6625,17.6625,7,1.29462,33.89468,25.23197,1.35526397735315,25.23197,23.06074,26.73605,50.25197,47.98225,32.60006,TRUE,23.93735,23.93735,21.76612,2.17123,23.51592,21.2462,2.26972,9.07046937108745,9.65184436756036,0.956606982359058,2.94258980554848,3.07606975467799,14
"84","High","H01",55.67264,-133.378,"A",8,0.9,17.6625,17.6625,8,1.29041,31.55688,23.43192,1.25358867657466,23.43192,21.20235,NA,NA,NA,30.26647,TRUE,22.14151,22.14151,19.91194,2.22957,NA,NA,NA,10.0696384302606,NA,NA,2.79496370563058,NA,16
"85","High","H01",55.67264,-133.378,"A",9,0.9,17.6625,17.6625,9,1.2702,34.03141,24.78254,1.33120113234253,24.78254,22.63592,NA,NA,NA,32.76121,TRUE,23.51234,23.51234,21.36572,2.14662,NA,NA,NA,9.12975909671263,NA,NA,2.85758297470913,NA,18
"86","High","H01",55.67264,-133.378,"A",10,0.9,17.6625,17.6625,10,1.27653,32.94226,23.98555,1.2857194621373,23.98555,21.63157,NA,NA,NA,31.66573,TRUE,22.70902,22.70902,20.35504,2.35398,NA,NA,NA,10.3658370110203,NA,NA,3.02655789948195,NA,20
"87","High","H01",55.67264,-133.378,"A",11,0.9,17.6625,17.6625,11,1.28245,34.14386,25.66709,1.38058825194621,25.66709,23.45582,NA,NA,NA,32.86141,TRUE,24.38464,24.38464,22.17337,2.21127,NA,NA,NA,9.06829053043228,NA,NA,3.05285338388111,NA,22
"88","High","H01",55.67264,-133.378,"A",12,0.9,17.6625,17.6625,12,1.28335,37.94031,29.94762,1.62288860580326,29.94762,28.03093,27.12313,55.67862,53.27965,36.65696,TRUE,28.66427,28.66427,26.74758,1.91669,28.55549,26.15652,2.39897000000001,6.68668694510622,8.40108154333897,0.79896372193066,3.11057436185704,3.89326107866384,24
"89","High","H01",55.67264,-133.378,"A",13,0.8,15.7,15.7,13,1.28029,29.01294,21.68776,1.29983885350318,21.68776,19.71014,NA,NA,NA,27.73265,TRUE,20.40747,20.40747,18.42985,1.97762,NA,NA,NA,9.69066719196452,NA,NA,2.57058731346497,NA,26
"90","High","H01",55.67264,-133.378,"A",14,0.9,17.6625,17.6625,14,1.29542,30.59581,22.18805,1.18288067940552,22.18805,20.41719,NA,NA,NA,29.30039,TRUE,20.89263,20.89263,19.12177,1.77086,NA,NA,NA,8.47600326047989,NA,NA,2.09471607993206,NA,28
"91","High","H01",55.67264,-133.378,"A",15,0.9,17.6625,17.6625,15,1.29186,34.92765,25.98728,1.39818372257608,25.98728,23.7796,NA,NA,NA,33.63579,TRUE,24.69542,24.69542,22.48774,2.20768,NA,NA,NA,8.93963334091909,NA,NA,3.08674224065676,NA,30
"92","High","H01",55.67264,-133.378,"A",16,0.9,17.6625,17.6625,16,1.29424,34.70211,27.2846,1.47149950460014,27.2846,25.26674,NA,NA,NA,33.40787,TRUE,25.99036,25.99036,23.9725,2.01786,NA,NA,NA,7.76387860729902,NA,NA,2.96927999035245,NA,32
"93","High","H01",55.67264,-133.378,"A",17,1,19.625,19.625,17,1.27953,42.6356,34.927,1.71452076433121,34.927,32.70384,24.96815,58.22798,53.75194,41.35607,TRUE,33.64747,33.64747,31.42431,2.22316,33.25983,28.78379,4.47604,6.60721296430311,13.4577957854866,0.496680101160847,3.81165398243057,7.67426352197708,34
"94","High","H01",55.67264,-133.378,"A",18,0.7,13.7375,13.7375,18,1.29405,31.0239,26.36844,1.82525131938126,26.36844,24.42393,NA,NA,NA,29.72985,TRUE,25.07439,25.07439,23.12988,1.94451,NA,NA,NA,7.75496432814518,NA,NA,3.54921944305005,NA,36
"95","High","H01",55.67264,-133.378,"A",19,1,19.625,19.625,19,1.28679,42.02636,36.05597,1.77167796178344,36.05597,34.28464,NA,NA,NA,40.73957,TRUE,34.76918,34.76918,32.99785,1.77133,NA,NA,NA,5.09454062477171,NA,NA,3.13822632404586,NA,38
"96","High","H01",55.67264,-133.378,"A",20,1,19.625,19.625,20,1.28756,41.22818,35.66005,1.75146445859873,35.66005,33.74538,NA,NA,NA,39.94062,TRUE,34.37249,34.37249,32.45782,1.91467,NA,NA,NA,5.57035582816375,NA,NA,3.35347645494522,NA,40
"97","Low","L01",55.26366,-132.995,"A",1,1.5,29.4375,29.4375,1,1.3127,55.38067,40.64282,1.33605503184713,40.64282,38.25293,NA,NA,NA,54.06797,TRUE,39.33012,39.33012,36.94023,2.38989,NA,NA,NA,6.07648794359133,NA,NA,3.19302456006115,NA,2
"98","Low","L01",55.26366,-132.995,"A",2,1.3,25.5125,25.5125,2,1.29973,53.16598,40.05411,1.51903498285154,40.05411,37.59172,26.92544,65.1572,62.46189,51.86625,TRUE,38.75438,38.75438,36.29199,2.46239,38.23176,35.53645,2.69531000000001,6.35383665020573,7.04992393758489,0.913583224193133,3.74045655142381,4.0942701796296,4
"99","Low","L01",55.26366,-132.995,"A",3,1.3,25.5125,25.5125,3,1.30294,51.56751,39.31645,1.48999549240568,39.31645,35.13885,NA,NA,NA,50.26457,TRUE,38.01351,38.01351,33.83591,4.17760000000001,NA,NA,NA,10.9897770555784,NA,NA,6.22460516907399,NA,6
"100","Low","L01",55.26366,-132.995,"A",4,1.2,23.55,23.55,4,1.26919,49.45623,37.56088,1.54104840764331,37.56088,35.23741,NA,NA,NA,48.18704,TRUE,36.29169,36.29169,33.96822,2.32347,NA,NA,NA,6.40220943141529,NA,NA,3.58057974370701,NA,8
"101","Low","L01",55.26366,-132.995,"A",5,1.4,27.475,27.475,5,1.32715,52.81782,39.64214,1.39454012738853,39.64214,37.15544,NA,NA,NA,51.49067,TRUE,38.31499,38.31499,35.82829,2.4867,NA,NA,NA,6.49014915572208,NA,NA,3.46780293477707,NA,10
"102","Low","L01",55.26366,-132.995,"A",6,1.3,25.5125,25.5125,6,1.28462,49.24359,36.40923,1.37676080352768,36.40923,33.68014,NA,NA,NA,47.95897,TRUE,35.12461,35.12461,32.39552,2.72909,NA,NA,NA,7.76973751452329,NA,NA,3.75730414129936,NA,12
"103","Low","L01",55.26366,-132.995,"A",7,1.2,23.55,23.55,7,1.29831,45.87103,33.28286,1.35815498938429,33.28286,30.38641,26.70549,57.92757,54.80498,44.57272,TRUE,31.98455,31.98455,29.0881,2.89645,31.22208,28.09949,3.12259,9.05577849305367,10.0012234931177,0.927579349194097,3.93382801900212,4.24096118830149,14
"104","Low","L01",55.26366,-132.995,"A",8,1.3,25.5125,25.5125,8,1.29578,51.54713,38.59706,1.462078588927,38.59706,36.04487,NA,NA,NA,50.25135,TRUE,37.30128,37.30128,34.74909,2.55219,NA,NA,NA,6.8420976438342,NA,NA,3.73150235387359,NA,16
"105","Low","L01",55.26366,-132.995,"A",9,1.2,23.55,23.55,9,1.28319,47.84339,36.05944,1.47669851380042,36.05944,33.50217,NA,NA,NA,46.5602,TRUE,34.77625,34.77625,32.21898,2.55727,NA,NA,NA,7.35349556090723,NA,NA,3.77631680838642,NA,18
"106","Low","L01",55.26366,-132.995,"A",10,1.3,25.5125,25.5125,10,1.28174,51.17329,39.0877,1.48186026457619,39.0877,36.40145,NA,NA,NA,49.89155,TRUE,37.80596,37.80596,35.11971,2.68625,NA,NA,NA,7.10536116527659,NA,NA,3.98064713571779,NA,20
"107","Low","L01",55.26366,-132.995,"A",11,1.3,25.5125,25.5125,11,1.29089,51.10914,39.32175,1.49067555120039,39.32175,37.25215,NA,NA,NA,49.81825,TRUE,38.03086,38.03086,35.96126,2.0696,NA,NA,NA,5.44189639676831,NA,NA,3.08510212076433,NA,22
"108","Low","L01",55.26366,-132.995,"A",12,1.4,27.475,27.475,12,1.29725,54.71964,41.81554,1.4747330300273,41.81554,38.97783,28.00084,67.75336,64.76268,53.42239,TRUE,40.51829,40.51829,37.68058,2.83771,39.75252,36.76184,2.99068,7.00352852995524,7.52324632501285,0.948851097409286,4.18486466663876,4.41045457824203,24
"109","Low","L01",55.26366,-132.995,"A",13,1.3,25.5125,25.5125,13,1.29277,53.20262,40.73557,1.54601861832435,40.73557,37.69081,NA,NA,NA,51.90985,TRUE,39.4428,39.4428,36.39804,3.04476,NA,NA,NA,7.71943168334906,NA,NA,4.70725564832926,NA,26
"110","Low","L01",55.26366,-132.995,"A",14,1.4,27.475,27.475,14,1.2607,53.68241,41.33775,1.45867333939945,41.33775,38.90745,NA,NA,NA,52.42171,TRUE,40.07705,40.07705,37.64675,2.4303,NA,NA,NA,6.06406908692132,NA,NA,3.5450138167425,NA,28
"111","Low","L01",55.26366,-132.995,"A",15,1.2,23.55,23.55,15,1.2923,50.62334,39.16674,1.60825647558386,39.16674,36.6057,NA,NA,NA,49.33104,TRUE,37.87444,37.87444,35.3134,2.56104,NA,NA,NA,6.76192176042734,NA,NA,4.1188091642293,NA,30
"112","Low","L01",55.26366,-132.995,"A",16,1.3,25.5125,25.5125,16,1.29781,50.8622,39.05067,1.47977893189613,39.05067,36.82535,NA,NA,NA,49.56439,TRUE,37.75286,37.75286,35.52754,2.22532,NA,NA,NA,5.89444084501147,NA,NA,3.29298165272709,NA,32
"113","Low","L01",55.26366,-132.995,"A",17,1.2,23.55,23.55,17,1.2954,49.87483,38.22054,1.56794649681529,38.22054,35.84657,25.75641,62.28393,59.32626,48.57943,TRUE,36.92514,36.92514,34.55117,2.37397,36.52752,33.56985,2.95766999999999,6.42914285497631,8.09710048752281,0.802648706583224,3.72225794504459,4.63746831523566,34
"114","Low","L01",55.26366,-132.995,"A",18,1.1,21.5875,21.5875,18,1.29554,43.73773,33.2774,1.48149901563405,33.2774,30.85387,NA,NA,NA,42.44219,TRUE,31.98186,31.98186,29.55833,2.42353,NA,NA,NA,7.57782693064131,NA,NA,3.59045730935958,NA,36
"115","Low","L01",55.26366,-132.995,"A",19,1.3,25.5125,25.5125,19,1.27834,51.38042,38.47168,1.45784772170505,38.47168,35.97865,NA,NA,NA,50.10208,TRUE,37.19334,37.19334,34.70031,2.49303,NA,NA,NA,6.70289358256074,NA,NA,3.63445810564233,NA,38
"116","Low","L05",55.0848,-132.826,"A",1,1.1,21.5875,21.5875,1,1.30343,34.26089,21.85335,0.951936074116966,21.85335,19.6409,26.70737,46.66426,44.55102,32.95746,TRUE,20.54992,20.54992,18.33747,2.21245,19.95689,17.84365,2.11324,10.7662219609614,10.5890246426172,1.04694686831595,2.10611096718008,2.01166938926693,2
"117","Low","L05",55.0848,-132.826,"A",2,0.8,15.7,15.7,2,1.32089,33.60274,27.23109,1.65033121019108,27.23109,25.1266,NA,NA,NA,32.28185,TRUE,25.9102,25.9102,23.80571,2.10449,NA,NA,NA,8.12224529335937,NA,NA,3.47310552853503,NA,4
"118","Low","L05",55.0848,-132.826,"A",3,0.9,17.6625,17.6625,3,1.27498,38.80583,31.32908,1.70157678697806,31.32908,28.20695,NA,NA,NA,37.53085,TRUE,30.0541,30.0541,26.93197,3.12213,NA,NA,NA,10.3883663127493,NA,NA,5.31254393392782,NA,6
"119","Low","L05",55.0848,-132.826,"A",4,0.9,17.6625,17.6625,4,1.24966,38.64811,31.03898,1.68658570417551,31.03898,28.45014,NA,NA,NA,37.39845,TRUE,29.78932,29.78932,27.20048,2.58884,NA,NA,NA,8.69049713118661,NA,NA,4.36630053439773,NA,8
"120","Low","L05",55.0848,-132.826,"A",5,0.8,15.7,15.7,5,1.30298,32.50758,26.12023,1.58071656050955,26.12023,23.94263,NA,NA,NA,31.2046,TRUE,24.81725,24.81725,22.63965,2.1776,NA,NA,NA,8.77454190129849,NA,NA,3.4421683821656,NA,10
"121","Low","L05",55.0848,-132.826,"A",6,1,19.625,19.625,6,1.29853,39.06652,31.35117,1.5313447133758,31.35117,29.3849,25.18351,54.9244,52.63207,37.76799,TRUE,30.05264,30.05264,28.08637,1.96627,29.74089,27.44856,2.29233,6.54275298276625,7.70767115577241,0.857760444613124,3.01103716956943,3.51034742681274,12
"122","Low","L05",55.0848,-132.826,"A",7,0.6,11.775,11.775,7,1.28897,25.87755,20.67617,1.64647133757962,20.67617,17.48553,NA,NA,NA,24.58858,TRUE,19.3872,19.3872,16.19656,3.19064,NA,NA,NA,16.457456466122,NA,NA,5.25329730853503,NA,14
"123","Low","L05",55.0848,-132.826,"A",8,1,19.625,19.625,8,1.27704,38.03399,29.47939,1.43706242038217,29.47939,27.44191,NA,NA,NA,36.75695,TRUE,28.20235,28.20235,26.16487,2.03748,NA,NA,NA,7.22450434095031,NA,NA,2.92798594028025,NA,16
"124","Low","L05",55.0848,-132.826,"A",9,0.8,15.7,15.7,9,1.2743,29.6053,23.77829,1.43337515923567,23.77829,21.97111,NA,NA,NA,28.331,TRUE,22.50399,22.50399,20.69681,1.80718,NA,NA,NA,8.03048703807636,NA,NA,2.59036692026751,NA,18
"125","Low","L05",55.0848,-132.826,"A",10,0.9,17.6625,17.6625,10,1.29648,40.5063,34.04466,1.85410785562633,34.04466,31.34516,NA,NA,NA,39.20982,TRUE,32.74818,32.74818,30.04868,2.6995,NA,NA,NA,8.2432061873362,NA,NA,5.00516415626326,NA,20
"126","Low","L05",55.0848,-132.826,"A",11,0.9,17.6625,17.6625,11,1.27823,35.58289,29.67543,1.60776786978061,29.67543,27.92614,28.14649,56.41686,54.13839,34.30466,TRUE,28.3972,28.3972,26.64791,1.74929,28.27037,25.9919,2.27847,6.16007916273435,8.0595690823997,0.767747655224778,2.81245225692852,3.66325085825902,22
"127","Low","L05",55.0848,-132.826,"A",12,1,19.625,19.625,12,1.29096,41.02454,33.3988,1.63606828025478,33.3988,31.09908,NA,NA,NA,39.73358,TRUE,32.10784,32.10784,29.80812,2.29972,NA,NA,NA,7.16248741740335,NA,NA,3.76249894546752,NA,24
"128","Low","L05",55.0848,-132.826,"A",13,0.8,15.7,15.7,13,1.2818,36.9162,31.67875,1.93611146496815,31.67875,29.60266,NA,NA,NA,35.6344,TRUE,30.39695,30.39695,28.32086,2.07609,NA,NA,NA,6.82992866060575,NA,NA,4.01954165130573,NA,26
"129","Low","L05",55.0848,-132.826,"A",14,0.9,17.6625,17.6625,14,1.29452,45.02112,40.08909,2.19643708421798,40.08909,38.41425,NA,NA,NA,43.7266,TRUE,38.79457,38.79457,37.11973,1.67484,NA,NA,NA,4.31720212390547,NA,NA,3.67868068613163,NA,28
"130","Low","L05",55.0848,-132.826,"A",15,0.9,17.6625,17.6625,15,1.30714,34.72462,29.90043,1.61886992215145,29.90043,28.01439,NA,NA,NA,33.41748,TRUE,28.59329,28.59329,26.70725,1.88604,NA,NA,NA,6.59609299944148,NA,NA,3.05325342797452,NA,30
"131","Low","L05",55.0848,-132.826,"A",16,0.8,15.7,15.7,16,1.28188,39.54759,34.89626,2.14104331210191,34.89626,33.11949,26.40811,59.78589,57.34262,38.26571,TRUE,33.61438,33.61438,31.83761,1.77677,33.37778,30.93451,2.44327000000001,5.2857437798942,7.32004944606863,0.727209845821377,3.80414152564331,5.23114689315925,32
"132","Low","L05",55.0848,-132.826,"A",17,0.9,17.6625,17.6625,17,1.25153,43.43618,38.26904,2.09582505307856,38.26904,36.38583,NA,NA,NA,42.18465,TRUE,37.01751,37.01751,35.1343,1.88321,NA,NA,NA,5.08734920312036,NA,NA,3.94687869820806,NA,34
"133","Low","L05",55.0848,-132.826,"A",18,0.8,15.7,15.7,18,1.28604,36.34306,31.89184,1.94941401273885,31.89184,30.08753,NA,NA,NA,35.05702,TRUE,30.6058,30.6058,28.80149,1.80431,NA,NA,NA,5.89532049480817,NA,NA,3.51734719732484,NA,36
"134","Low","L05",55.0848,-132.826,"A",19,0.9,17.6625,17.6625,19,1.29194,39.29634,33.63072,1.8309288039632,33.63072,31.63181,NA,NA,NA,38.0044,TRUE,32.33878,32.33878,30.33987,1.99891,NA,NA,NA,6.18115463848667,NA,NA,3.65986189553008,NA,38
"135","Low","L05",55.0848,-132.826,"A",20,0.8,15.7,15.7,20,1.25774,32.63294,28.0874,1.70889554140127,28.0874,26.09344,NA,NA,NA,31.3752,TRUE,26.82966,26.82966,24.8357,1.99395999999999,NA,NA,NA,7.43192422117908,NA,NA,3.40746935373247,NA,40
"136","Low","L05",55.0848,-132.826,"A",21,0.9,17.6625,17.6625,21,1.29804,41.0332,35.09534,1.91350601556971,35.09534,33.06244,28.56188,61.95224,59.28931,39.73516,TRUE,33.7973,33.7973,31.7644,2.0329,33.39036,30.72743,2.66293,6.01497752779068,7.97514612001787,0.763407224373152,3.88996637905166,5.09553257404105,42
"137","Low","L05",55.0848,-132.826,"A",22,0.8,15.7,15.7,22,1.31074,34.26401,29.87649,1.81947452229299,29.87649,27.91047,NA,NA,NA,32.95327,TRUE,28.56575,28.56575,26.59973,1.96602,NA,NA,NA,6.88243788452955,NA,NA,3.57712330031847,NA,44
"138","Low","L05",55.0848,-132.826,"A",23,0.9,17.6625,17.6625,23,1.31855,40.09972,35.23236,1.92010247699929,35.23236,33.08586,NA,NA,NA,38.78117,TRUE,33.91381,33.91381,31.76731,2.1465,NA,NA,NA,6.32928001896574,NA,NA,4.12149996687899,NA,46
"139","Low","L05",55.0848,-132.826,"A",24,0.8,15.7,15.7,24,1.27724,33.1242,28.86552,1.7572152866242,28.86552,26.99309,NA,NA,NA,31.84696,TRUE,27.58828,27.58828,25.71585,1.87243,NA,NA,NA,6.78704870328995,NA,NA,3.29026261913376,NA,48
"140","Low","L05",55.0848,-132.826,"A",25,0.9,17.6625,17.6625,25,1.28062,38.23022,33.41997,1.81963765038924,33.41997,31.38003,NA,NA,NA,36.9496,TRUE,32.13935,32.13935,30.09941,2.03994,NA,NA,NA,6.34717254704902,NA,NA,3.71195162853503,NA,50
"141","Low","L05",55.0848,-132.826,"A",26,0.8,15.7,15.7,26,1.28782,37.68366,32.67362,1.99909554140127,32.67362,29.99898,28.68294,59.37626,55.86641,36.39584,TRUE,31.3858,31.3858,28.71116,2.67464,30.69332,27.18347,3.50985,8.52181559813674,11.4352243419741,0.762038263743465,5.3468608988535,7.01652548598726,52
"142","Low","L05",55.0848,-132.826,"A",27,0.9,17.6625,17.6625,27,1.28905,42.3408,38.09953,2.08410360934183,38.09953,36.22883,NA,NA,NA,41.05175,TRUE,36.81048,36.81048,34.93978,1.8707,NA,NA,NA,5.08197665447448,NA,NA,3.89873262199575,NA,54
"143","Low","L05",55.0848,-132.826,"A",28,1,19.625,19.625,28,1.2812,44.90201,40.37559,1.99207082802548,40.37559,38.44245,NA,NA,NA,43.62081,TRUE,39.09439,39.09439,37.16125,1.93314,NA,NA,NA,4.94480154313701,NA,NA,3.85095180048918,NA,56
"144","Low","L05",55.0848,-132.826,"A",29,0.8,15.7,15.7,29,1.28537,36.78506,33.41907,2.04673248407643,33.41907,31.67126,NA,NA,NA,35.49969,TRUE,32.1337,32.1337,30.38589,1.74781,NA,NA,NA,5.43918067324957,NA,NA,3.57729950299363,NA,58
"145","Low","L05",55.0848,-132.826,"A",30,0.9,17.6625,17.6625,30,1.28528,42.06188,37.09705,2.02755951875442,37.09705,34.79639,26.3005,61.55035,57.27148,40.7766,TRUE,35.81177,35.81177,33.51111,2.30066,35.24985,30.97098,4.27887,6.42431245369888,12.1386899518721,0.537679340573562,4.66472508241755,8.67566359801275,60
"146","Low","L05",55.0848,-132.826,"A",31,0.9,17.6625,17.6625,31,1.28804,40.15832,35.4732,1.93546553432413,35.4732,33.39701,NA,NA,NA,38.87028,TRUE,34.18516,34.18516,32.10897,2.07619,NA,NA,NA,6.07336633790802,NA,NA,4.01839418770841,NA,62
"147","Mid","M05",55.59929,-133.16,"B",1,1,19.625,19.625,1,1.27322,46.94349,12.84608,0.589699872611465,12.84608,10.46088,NA,NA,NA,45.67027,TRUE,11.57286,11.57286,9.18766,2.3852,NA,NA,NA,20.6102899369732,NA,NA,1.40655213615287,NA,2
"148","Mid","M05",55.59929,-133.16,"B",2,1,19.625,19.625,2,1.25269,25.62122,8.01568,0.344610955414013,8.01568,6.48711,23.06715,30.39599,27.86273,24.36853,TRUE,6.76299,6.76299,5.23442,1.52857,7.32884,4.79558,2.53326,22.601985216598,34.5656338520148,0.603400361589414,0.526761968117197,0.872989148912103,4
"149","Mid","M05",55.59929,-133.16,"B",3,1.3,25.5125,25.5125,3,1.25617,30.84944,10.87921,0.377189220970113,10.87921,8.96509,NA,NA,NA,29.59327,TRUE,9.62304,9.62304,7.70892,1.91412,NA,NA,NA,19.8910115722267,NA,NA,0.721985431643312,NA,6
"150","Mid","M05",55.59929,-133.16,"B",4,1.2,23.55,23.55,4,1.2779,32.20044,11.50084,0.434095116772824,11.50084,9.42506,NA,NA,NA,30.92254,TRUE,10.22294,10.22294,8.14716,2.07578,NA,NA,NA,20.3051177058654,NA,NA,0.901085961494692,NA,8
"151","Mid","M05",55.59929,-133.16,"B",5,0.9,17.6625,17.6625,5,1.28501,22.46186,8.01569,0.381071762208068,8.01569,6.37034,NA,NA,NA,21.17685,TRUE,6.73068,6.73068,5.08533,1.64535,NA,NA,NA,24.4455240778049,NA,NA,0.626996423949044,NA,10
"152","Mid","M05",55.59929,-133.16,"B",6,1,19.625,19.625,6,1.27139,26.04222,9.7407,0.431557197452229,9.7407,7.90737,NA,NA,NA,24.77083,TRUE,8.46931,8.46931,6.63598,1.83333,NA,NA,NA,21.6467457207258,NA,NA,0.791186756805096,NA,12
"153","Mid","M05",55.59929,-133.16,"B",7,1.1,21.5875,21.5875,7,1.27618,30.09055,11.65134,0.480609612044007,11.65134,9.57833,25.01616,35.77247,32.82787,28.81437,TRUE,10.37516,10.37516,8.30215,2.07301,10.75631,7.81171,2.9446,19.9805111439245,27.3755590904316,0.704003939414521,0.996308531863347,1.41520306362478,14
"154","Mid","M05",55.59929,-133.16,"B",8,0.9,17.6625,17.6625,8,1.27158,25.23155,10.37519,0.515420240622788,10.37519,8.55817,NA,NA,NA,23.95997,TRUE,9.10361,9.10361,7.28659,1.81702,NA,NA,NA,19.9593348133323,NA,NA,0.936528885616419,NA,16
"155","Mid","M05",55.59929,-133.16,"B",9,1.1,21.5875,21.5875,9,1.28647,29.47919,12.39509,0.514585755645628,12.39509,10.35313,NA,NA,NA,28.19272,TRUE,11.10862,11.10862,9.06666,2.04196,NA,NA,NA,18.381761190859,NA,NA,1.05076352959815,NA,18
"156","Mid","M05",55.59929,-133.16,"B",10,1,19.625,19.625,10,1.28745,23.8025,9.87107,0.437381910828025,9.87107,8.12634,NA,NA,NA,22.51505,TRUE,8.58362,8.58362,6.83889,1.74473,NA,NA,NA,20.3262725982744,NA,NA,0.76311334127898,NA,20
"157","Mid","M05",55.59929,-133.16,"B",11,1.2,23.55,23.55,11,1.29396,33.18507,14.54018,0.562472186836518,14.54018,12.35576,NA,NA,NA,31.89111,TRUE,13.24622,13.24622,11.0618,2.18442,NA,NA,NA,16.4908932510558,NA,NA,1.22867549436943,NA,22
"158","Mid","M05",55.59929,-133.16,"B",12,0.9,17.6625,17.6625,12,1.29836,28.8365,14.31644,0.737046284501061,14.31644,12.31622,27.52039,40.80582,37.82787,27.53814,TRUE,13.01808,13.01808,11.01786,2.00022,13.28543,10.30748,2.97795,15.3649386084584,22.4151570555112,0.67167682466126,1.47425471918471,2.19488698292994,24
"159","Mid","M05",55.59929,-133.16,"B",13,0.9,17.6625,17.6625,13,1.27788,35.6251,25.74397,1.38519971691437,25.74397,23.73617,NA,NA,NA,34.34722,TRUE,24.46609,24.46609,22.45829,2.0078,NA,NA,NA,8.20646045199703,NA,NA,2.78120399162066,NA,26
"160","Mid","M05",55.59929,-133.16,"B",14,1.3,25.5125,25.5125,14,1.29867,44.1291,29.99032,1.12461146496815,29.99032,27.64247,NA,NA,NA,42.83043,TRUE,28.69165,28.69165,26.3438,2.34785,NA,NA,NA,8.18304280165136,NA,NA,2.64041902802548,NA,28
"161","Mid","M05",55.59929,-133.16,"B",15,0.9,17.6625,17.6625,15,1.30838,26.96805,16.70491,0.87170728945506,16.70491,14.75763,NA,NA,NA,25.65967,TRUE,15.39653,15.39653,13.44925,1.94728,NA,NA,NA,12.6475251241676,NA,NA,1.69745817061005,NA,30
"162","Mid","M05",55.59929,-133.16,"B",16,1.2,23.55,23.55,16,1.28328,58.32656,48.22868,1.99343524416136,48.22868,46.09352,NA,NA,NA,57.04328,TRUE,46.9454,46.9454,44.81024,2.13516,NA,NA,NA,4.54817724420284,NA,NA,4.25630319592357,NA,32
"163","Mid","M05",55.59929,-133.16,"B",17,1.1,21.5875,21.5875,17,1.27512,45.92812,37.51286,1.67864458598726,37.51286,35.51341,26.96474,63.11525,58.78252,44.653,TRUE,36.23774,36.23774,34.23829,1.99945,36.15051,31.81778,4.33273000000001,5.51759022499748,11.9852527668351,0.461475790090774,3.35636591745223,7.2731137570446,34
"164","Mid","M05",55.59929,-133.16,"B",18,0.9,17.6625,17.6625,18,1.2852,28.0175,17.88002,0.939551026185421,17.88002,15.71204,NA,NA,NA,26.7323,TRUE,16.59482,16.59482,14.42684,2.16798,NA,NA,NA,13.0641971410356,NA,NA,2.03692783374947,NA,36
"165","Mid","M05",55.59929,-133.16,"B",19,0.9,17.6625,17.6625,19,1.29478,28.07068,18.30635,0.963146213729653,18.30635,16.41056,NA,NA,NA,26.7759,TRUE,17.01157,17.01157,15.11578,1.89579,NA,NA,NA,11.1441213244868,NA,NA,1.82592296052654,NA,38
"166","Mid","M05",55.59929,-133.16,"B",20,1.1,21.5875,21.5875,20,1.26364,23.87968,15.26008,0.648358540822235,15.26008,13.2738,NA,NA,NA,22.61604,TRUE,13.99644,13.99644,12.01016,1.98628,NA,NA,NA,14.1913229364038,NA,NA,1.28782160246439,NA,40
"167","Mid","M05",55.59929,-133.16,"B",21,1,19.625,19.625,21,1.28732,22.38135,16.04269,0.751865987261147,16.04269,14.14376,NA,NA,NA,21.09403,TRUE,14.75537,14.75537,12.85644,1.89893,NA,NA,NA,12.8694163548593,NA,NA,1.42774087918981,NA,42
"168","Mid","M05",55.59929,-133.16,"B",22,1,19.625,19.625,22,1.2444,36.77738,27.10842,1.31791184713376,27.10842,24.79226,28.29977,53.70292,48.45562,35.53298,TRUE,25.86402,25.86402,23.54786,2.31616,25.40315,20.15585,5.2473,8.95514309067191,20.6560997356627,0.441400339222076,3.05249470385732,6.91547883546496,44
"169","Mid","M05",55.59929,-133.16,"B",23,1.1,21.5875,21.5875,23,1.29096,43.52398,33.02,1.46978760856977,33.02,30.06528,NA,NA,NA,42.23302,TRUE,31.72904,31.72904,28.77432,2.95472,NA,NA,NA,9.31235234346832,NA,NA,4.34281084279329,NA,46
"170","Mid","M05",55.59929,-133.16,"B",24,1,19.625,19.625,24,1.26475,38.61421,30.35016,1.48205910828025,30.35016,28.08618,NA,NA,NA,37.34946,TRUE,29.08541,29.08541,26.82143,2.26398,NA,NA,NA,7.78390265084797,NA,NA,3.35535217996433,NA,48
"171","Mid","M05",55.59929,-133.16,"B",25,1.2,23.55,23.55,25,1.2856,40.05039,27.17153,1.09919023354565,27.17153,24.86621,NA,NA,NA,38.76479,TRUE,25.88593,25.88593,23.58061,2.30532,NA,NA,NA,8.90568737534252,NA,NA,2.53398522919745,NA,50
"172","Mid","M05",55.59929,-133.16,"B",26,1.1,21.5875,21.5875,26,1.27886,37.15903,25.21638,1.10886022003474,25.21638,22.80973,NA,NA,NA,35.88017,TRUE,23.93752,23.93752,21.53087,2.40665,NA,NA,NA,10.0538819393154,NA,NA,2.66863844854662,NA,52
"173","Mid","M05",55.59929,-133.16,"B",27,1.1,21.5875,21.5875,27,1.29494,39.66752,28.52864,1.26154950781702,28.52864,26.41248,30.19194,57.33348,50.77441,38.37258,TRUE,27.2337,27.2337,25.11754,2.11616,27.14154,20.58247,6.55907,7.77037273671958,24.1661674319143,0.32263110471454,2.66964060646207,8.27459153023741,54
"174","Mid","M05",55.59929,-133.16,"B",28,1.1,21.5875,21.5875,28,1.29984,40.06935,28.962,1.28139710480602,28.962,26.7756,NA,NA,NA,38.76951,TRUE,27.66216,27.66216,25.47576,2.1864,NA,NA,NA,7.90393808726433,NA,NA,2.80164662994789,NA,56
"175","Mid","M05",55.59929,-133.16,"B",29,1,19.625,19.625,29,1.32775,40.37054,29.96965,1.45945987261146,29.96965,27.81546,NA,NA,NA,39.04279,TRUE,28.6419,28.6419,26.48771,2.15419,NA,NA,NA,7.52111417189502,NA,NA,3.14395386298089,NA,58
"176","Mid","M05",55.59929,-133.16,"B",30,1,19.625,19.625,30,1.28435,34.55736,25.30138,1.22379770700637,25.30138,23.20143,NA,NA,NA,33.27301,TRUE,24.01703,24.01703,21.91708,2.09995,NA,NA,NA,8.74358736280049,NA,NA,2.56991399482803,NA,60
"177","Mid","M05",55.59929,-133.16,"B",31,1,19.625,19.625,31,1.28065,38.10014,27.32954,1.32733197452229,27.32954,25.19246,NA,NA,NA,36.81949,TRUE,26.04889,26.04889,23.91181,2.13708,NA,NA,NA,8.2041115763474,NA,NA,2.8366146161121,NA,62
"178","Mid","M05",55.59929,-133.16,"B",32,1,19.625,19.625,32,1.27008,34.5125,23.26955,1.12099210191083,23.26955,20.89134,26.52278,48.07885,43.06464,33.24242,TRUE,21.99947,21.99947,19.62126,2.37821,21.55607,16.54186,5.01421000000001,10.8103058846418,23.2612438167069,0.474294056292017,2.66595462668535,5.6208898073223,64
"179","Mid","M05",55.59929,-133.16,"B",33,1.2,23.55,23.55,33,1.28357,40.96937,25.94162,1.04705095541401,25.94162,23.47874,NA,NA,NA,39.6858,TRUE,24.65805,24.65805,22.19517,2.46288,NA,NA,NA,9.98813774811878,NA,NA,2.57876085707007,NA,66
"180","Mid","M05",55.59929,-133.16,"B",34,0.9,17.6625,17.6625,34,1.28303,30.48692,18.40464,0.969376362349611,18.40464,16.75911,NA,NA,NA,29.20389,TRUE,17.12161,17.12161,15.47608,1.64553,NA,NA,NA,9.61083683134939,NA,NA,1.59513788553716,NA,68
"181","Mid","M05",55.59929,-133.16,"B",35,1.1,21.5875,21.5875,35,1.29163,43.26284,27.56074,1.21686670526925,27.56074,25.27328,NA,NA,NA,41.97121,TRUE,26.26911,26.26911,23.98165,2.28746,NA,NA,NA,8.70779405925819,NA,NA,2.7835339136352,NA,70
